idRegistro,manufacturer,color,fuel_type,year,consumptionliters,doors,base_price,gps_price,leather_seats_price,sport_package_price,safety_package_price,CO_Emissions
1,BMV,pearl white,electric,2020,0.0,2,39074.53,1466.23,895.76,1332.26,683.34,0.0
2,SEAT,navy blue,hybrid,2024,7.34,2,16199.56,781.54,678.49,750.16,720.37,22.4921
3,OPEL,navy blue,hybrid,2023,11.04,4,25980.36,1296.81,1106.94,1156.44,1299.83,54.3447
4,MERCEDES,white,gasoline,2015,8.81,4,28087.59,1324.98,1095.01,1012.72,1113.01,116.2782
5,OPEL,navy blue,hybrid,2016,6.13,4,26972.47,1040.11,831.59,630.97,977.24,59.2056
6,BMV,red,gasoline,2020,9.21,4,29245.26,1034.15,1155.83,507.44,551.6,159.8397
7,OPEL,white,gasoline,2022,9.62,2,26308.81,1477.65,1197.36,840.34,1281.99,236.5504
8,MERCEDES,sky blue,gasoline,2019,7.46,2,27907.31,599.1,1480.96,1430.77,1366.0,101.4385
9,OPEL,orange,electric,2015,0.0,2,30650.97,963.28,613.3,670.38,1123.61,0.0
10,SEAT,black,hybrid,2017,11.87,4,19579.74,1273.27,1467.2,1011.86,616.3,28.3308
11,BMV,pearl white,hybrid,2023,7.31,2,35928.4,1108.62,549.36,1431.41,940.99,35.4551
12,SEAT,yellow,electric,2018,0.0,4,29039.72,1271.49,1326.06,1132.48,1162.15,0.0
13,SEAT,sky blue,gasoline,2021,9.53,4,19420.98,955.87,979.66,1410.92,611.31,134.2888
14,SEAT,yellow,gasoline,2017,6.15,2,36925.25,948.24,618.87,1009.22,1264.63,105.3858
15,OPEL,yellow,hybrid,2020,9.06,4,38904.18,1460.44,854.06,739.73,723.61,21.2459
16,OPEL,sky blue,hybrid,2023,8.13,2,35030.95,1181.4,859.26,1438.8,1388.33,26.3963
17,MERCEDES,orange,electric,2015,0.0,4,31292.59,1391.92,1417.28,1384.96,675.42,0.0
18,MERCEDES,orange,electric,2021,0.0,2,26709.63,1079.97,1034.55,1200.8,1157.78,0.0
19,BMV,white,hybrid,2021,6.92,2,38270.82,1166.28,777.39,552.98,865.27,80.9634
20,BMV,navy blue,hybrid,2021,7.17,4,17431.94,821.54,690.54,500.69,1374.34,68.4275
21,MERCEDES,orange,electric,2021,0.0,2,32644.73,600.07,533.58,851.93,718.03,0.0
22,OPEL,sky blue,electric,2018,0.0,4,32510.25,1100.95,1265.98,766.45,1414.96,0.0
23,BMV,black,electric,2016,0.0,4,27790.2,899.09,603.66,531.94,629.26,0.0
24,MERCEDES,white,hybrid,2017,6.66,2,33687.05,767.24,812.71,981.33,690.88,54.9669
25,MERCEDES,yellow,hybrid,2024,11.49,2,22851.41,1294.83,825.57,1480.93,559.75,44.5593
26,SEAT,orange,gasoline,2017,6.49,4,35576.63,711.0,1284.38,819.42,535.64,215.8461
27,SEAT,orange,hybrid,2022,5.23,2,35426.3,1066.41,971.83,1415.8,840.66,28.3258
28,BMV,pearl white,electric,2018,0.0,2,32478.1,611.44,883.76,1260.91,1453.04,0.0
29,BMV,red,hybrid,2021,7.85,2,33869.31,633.01,999.72,1413.19,1306.14,86.9347
30,OPEL,sky blue,electric,2021,0.0,4,31786.51,1148.28,1069.74,769.94,1088.76,0.0
31,SEAT,white,electric,2021,0.0,2,34936.87,624.99,1358.79,897.57,1070.73,0.0
32,SEAT,orange,electric,2019,0.0,2,20853.22,852.08,1131.55,690.4,1165.19,0.0
33,OPEL,sky blue,hybrid,2023,5.94,4,19909.41,1474.36,552.85,807.65,1009.56,82.0496
34,BMV,sky blue,electric,2021,0.0,2,20191.22,1215.79,974.89,1464.54,1221.14,0.0
35,SEAT,black,electric,2025,0.0,2,18588.13,709.17,866.08,555.45,670.89,0.0
36,BMV,yellow,gasoline,2022,8.82,4,18267.52,866.49,1100.48,692.16,1448.22,215.9517
37,SEAT,orange,electric,2021,0.0,4,21342.37,1120.43,1005.01,1063.85,846.62,0.0
38,MERCEDES,orange,gasoline,2017,8.73,4,32131.77,710.12,1131.06,638.86,1381.57,166.8638
39,BMV,yellow,hybrid,2023,6.23,2,37484.69,798.05,704.96,1176.55,540.04,61.0838
40,OPEL,red,gasoline,2024,7.42,2,33433.32,1227.18,1027.87,783.02,1408.48,105.3723
41,BMV,orange,gasoline,2022,9.1,4,23111.84,1216.68,638.94,636.69,1241.92,144.6649
42,MERCEDES,navy blue,electric,2024,0.0,4,33472.02,1226.01,741.98,936.09,1386.13,0.0
43,MERCEDES,red,hybrid,2023,6.85,2,17925.02,1055.54,1133.01,1424.93,1380.07,81.8476
44,BMV,black,hybrid,2017,5.06,4,19014.97,1261.25,1309.96,1119.76,627.97,56.8505
45,MERCEDES,pearl white,electric,2018,0.0,4,33431.63,1102.96,1297.09,1340.63,940.54,0.0
46,BMV,black,hybrid,2023,7.62,4,19187.48,1060.51,843.81,542.87,1249.95,32.7828
47,MERCEDES,yellow,electric,2015,0.0,4,36018.72,636.32,1004.37,916.63,950.45,0.0
48,OPEL,navy blue,gasoline,2020,10.16,2,21413.32,1141.91,1143.56,1204.28,1420.42,128.3297
49,BMV,pearl white,electric,2018,0.0,4,39334.87,598.92,770.56,850.29,619.53,0.0
50,SEAT,yellow,electric,2018,0.0,4,32307.74,792.4,557.84,766.91,990.93,0.0
51,SEAT,navy blue,gasoline,2021,5.36,4,39461.23,1219.36,664.54,1052.43,1479.83,136.003
52,SEAT,black,hybrid,2016,9.85,2,32570.39,1442.94,832.42,985.76,1136.09,24.8132
53,MERCEDES,yellow,gasoline,2015,8.91,4,19880.42,796.31,566.68,949.71,629.93,204.1322
54,BMV,black,electric,2015,0.0,2,30782.0,891.15,1002.58,956.15,1402.89,0.0
55,BMV,white,gasoline,2017,7.69,2,37065.21,1279.89,1112.24,853.17,1401.97,119.6486
56,SEAT,red,electric,2015,0.0,4,23226.39,504.49,602.22,1348.82,1096.41,0.0
57,BMV,black,gasoline,2025,10.68,4,31748.94,1034.4,1085.86,630.87,580.42,119.1601
58,MERCEDES,red,hybrid,2017,8.64,2,33866.56,1092.15,653.51,853.22,524.29,67.0066
59,MERCEDES,sky blue,electric,2023,0.0,2,21325.16,766.31,1363.24,697.71,1468.27,0.0
60,MERCEDES,red,electric,2021,0.0,4,21512.23,816.86,624.97,1367.39,787.54,0.0
61,SEAT,yellow,gasoline,2017,11.28,2,21011.81,1314.7,1208.23,960.1,577.7,238.2483
62,MERCEDES,pearl white,hybrid,2022,10.6,4,35671.47,1008.57,1136.5,1337.48,1409.09,61.8732
63,BMV,sky blue,electric,2023,0.0,2,38726.04,988.25,1054.82,831.38,1385.05,0.0
64,OPEL,pearl white,electric,2025,0.0,4,37808.26,1027.38,1021.69,575.38,1034.09,0.0
65,BMV,pearl white,gasoline,2016,10.37,4,15526.92,1267.84,880.68,1265.56,1055.24,142.2686
66,OPEL,yellow,hybrid,2021,11.45,2,29089.64,1020.34,1296.52,1270.7,725.47,76.5156
67,MERCEDES,navy blue,electric,2015,0.0,2,30781.43,692.62,1098.91,1324.71,1234.14,0.0
68,OPEL,black,hybrid,2024,11.14,2,15397.16,1348.97,1088.81,1495.47,588.09,39.0213
69,OPEL,pearl white,hybrid,2021,10.27,2,20214.96,604.25,574.27,761.92,1131.18,25.8137
70,MERCEDES,red,gasoline,2016,6.95,4,34543.55,1294.83,856.6,1255.17,1384.85,208.5845
71,MERCEDES,black,gasoline,2025,5.18,2,20235.29,1485.8,843.9,599.36,521.34,195.9305
72,SEAT,white,electric,2021,0.0,4,15964.24,1123.18,787.6,1487.31,1194.98,0.0
73,SEAT,sky blue,hybrid,2017,5.2,2,39695.33,1467.01,1298.8,1009.14,682.7,83.2865
74,BMV,black,gasoline,2016,9.3,4,34489.87,1082.49,549.5,840.51,1136.6,190.026
75,OPEL,black,electric,2015,0.0,2,30170.87,672.2,655.3,904.47,890.51,0.0
76,MERCEDES,pearl white,electric,2018,0.0,4,18266.65,1418.1,1329.28,1274.65,1249.27,0.0
77,OPEL,black,electric,2022,0.0,4,20611.19,1213.93,1103.27,952.05,1348.72,0.0
78,BMV,yellow,gasoline,2022,8.22,4,32726.53,1111.64,710.3,1313.54,1066.32,239.0917
79,OPEL,pearl white,electric,2015,0.0,4,25736.65,764.26,1111.59,1360.6,748.61,0.0
80,MERCEDES,red,gasoline,2017,7.65,2,25673.56,609.44,1289.45,562.64,1420.94,205.8924
81,SEAT,red,electric,2020,0.0,2,21418.28,764.08,828.96,1319.9,1354.5,0.0
82,SEAT,yellow,hybrid,2017,6.36,4,15833.05,1467.69,514.99,742.11,571.43,29.6237
83,MERCEDES,navy blue,electric,2023,0.0,2,27863.49,1266.78,1326.66,1377.59,512.46,0.0
84,SEAT,red,hybrid,2022,9.64,2,16195.45,1080.17,659.99,576.75,1139.9,50.3279
85,SEAT,pearl white,electric,2021,0.0,4,19700.33,791.41,560.36,707.25,772.78,0.0
86,BMV,white,gasoline,2016,5.2,4,21744.16,1015.89,803.46,812.41,1180.07,110.5867
87,OPEL,pearl white,hybrid,2023,8.76,2,39994.36,1229.67,1472.33,688.79,739.25,46.3702
88,MERCEDES,black,gasoline,2016,7.7,4,18710.35,851.12,1111.24,744.81,718.84,199.5182
89,BMV,black,electric,2025,0.0,2,18812.48,1065.08,566.28,876.64,1132.07,0.0
90,OPEL,white,hybrid,2018,8.07,4,16302.13,948.4,910.4,1444.02,1374.06,24.5581
91,BMV,sky blue,hybrid,2022,8.6,4,27839.4,507.63,1060.54,969.22,796.09,32.09
92,BMV,black,hybrid,2018,8.8,2,39725.62,1333.27,890.53,1048.45,1413.45,74.1751
93,MERCEDES,black,electric,2018,0.0,2,27865.28,831.91,687.63,1017.74,782.08,0.0
94,BMV,black,gasoline,2021,6.17,2,19746.68,887.57,734.78,822.29,716.54,161.5166
95,MERCEDES,black,gasoline,2024,6.65,2,37987.44,973.37,706.73,579.24,739.06,163.6323
96,OPEL,sky blue,gasoline,2016,11.01,4,31121.34,977.87,1327.4,636.55,554.2,137.2587
97,MERCEDES,orange,electric,2016,0.0,4,25310.14,961.95,1027.9,1309.35,1048.81,0.0
98,SEAT,white,gasoline,2020,6.36,2,16727.37,814.51,779.95,1481.09,539.69,209.9308
99,SEAT,sky blue,electric,2025,0.0,2,21820.02,1373.0,1073.15,982.72,1144.68,0.0
100,BMV,red,hybrid,2024,9.77,2,31971.46,714.11,1226.29,1336.83,1272.7,52.0636
101,SEAT,red,gasoline,2025,5.11,4,39207.79,988.66,1084.03,1292.47,1107.17,130.8156
102,MERCEDES,white,hybrid,2023,6.04,2,19326.49,775.56,1492.29,1075.05,729.13,50.6124
103,SEAT,white,hybrid,2023,7.08,2,34615.02,837.81,1366.62,1399.82,832.51,45.9006
104,BMV,white,gasoline,2024,8.16,2,30303.47,567.04,1383.26,1490.02,1363.76,238.6559
105,MERCEDES,white,hybrid,2018,9.34,4,19549.73,867.47,802.02,1463.88,976.35,88.8592
106,BMV,black,electric,2016,0.0,2,20819.59,618.19,895.27,786.53,789.53,0.0
107,MERCEDES,black,electric,2016,0.0,2,27228.41,834.29,1260.32,1373.99,902.63,0.0
108,MERCEDES,white,hybrid,2015,7.07,2,37536.42,718.0,1049.22,1479.6,1061.42,41.342
109,OPEL,orange,gasoline,2023,10.42,4,15975.56,1314.82,735.55,1494.75,1307.83,161.3532
110,OPEL,orange,electric,2020,0.0,2,19683.16,1336.94,994.0,1404.75,1284.3,0.0
111,BMV,red,electric,2025,0.0,2,36932.58,532.3,1349.58,1412.61,825.07,0.0
112,OPEL,orange,hybrid,2017,9.49,4,28904.46,833.31,873.47,740.46,1266.01,66.6
113,SEAT,white,electric,2024,0.0,2,23744.96,521.74,751.49,1219.02,547.95,0.0
114,BMV,black,gasoline,2023,10.85,2,39617.01,862.56,1494.89,913.32,1303.6,117.2468
115,SEAT,black,gasoline,2019,9.74,4,19316.78,1114.44,1141.24,1121.07,905.0,218.4674
116,BMV,pearl white,hybrid,2015,7.18,4,20738.04,739.36,1408.63,1267.34,1403.07,28.6966
117,OPEL,red,gasoline,2024,7.75,2,23260.91,1347.18,1113.97,1293.05,822.99,176.961
118,MERCEDES,black,hybrid,2015,9.68,4,17205.68,725.72,629.98,1188.23,786.87,52.1251
119,MERCEDES,yellow,gasoline,2025,5.42,2,30545.37,911.74,989.86,1458.83,1093.6,186.3506
120,OPEL,orange,electric,2025,0.0,2,18990.26,737.03,1207.62,523.32,827.19,0.0
121,SEAT,sky blue,electric,2021,0.0,2,31665.57,904.17,1026.59,850.65,1255.09,0.0
122,SEAT,yellow,hybrid,2023,10.52,2,32393.74,1470.18,966.23,1426.59,825.83,38.4516
123,BMV,red,electric,2024,0.0,4,28700.45,824.95,698.93,923.38,639.51,0.0
124,BMV,orange,hybrid,2023,6.96,2,24303.92,580.46,1199.77,1326.3,520.7,51.186
125,OPEL,red,electric,2023,0.0,2,35477.1,1042.17,1074.81,632.55,534.71,0.0
126,MERCEDES,white,hybrid,2024,5.67,2,27710.51,943.04,606.77,1278.5,1430.34,57.6255
127,SEAT,black,electric,2017,0.0,4,39329.34,1443.28,565.48,1106.4,982.26,0.0
128,OPEL,black,gasoline,2017,7.19,2,25523.46,1342.36,1484.76,1054.7,1385.25,230.3209
129,BMV,pearl white,electric,2024,0.0,4,34962.16,1120.82,1116.34,814.49,1128.36,0.0
130,BMV,white,hybrid,2022,11.28,4,38608.48,1381.89,736.77,537.26,1295.24,27.439
131,OPEL,orange,electric,2024,0.0,4,28788.63,1278.56,1178.92,1218.71,723.91,0.0
132,BMV,black,hybrid,2021,7.16,2,33822.28,779.72,1260.29,847.54,1495.49,30.7773
133,SEAT,sky blue,electric,2017,0.0,2,18381.68,755.51,518.16,1286.32,620.51,0.0
134,OPEL,red,gasoline,2021,6.69,4,23078.28,1397.41,883.07,1107.95,969.95,220.0279
135,SEAT,sky blue,gasoline,2015,6.33,4,24845.11,1486.13,519.59,1293.94,581.8,110.2135
136,OPEL,yellow,hybrid,2017,8.27,4,23142.77,1186.49,547.16,1145.66,816.9,44.934
137,OPEL,red,gasoline,2023,11.99,2,26722.83,519.85,720.86,1323.68,848.28,224.4561
138,BMV,black,electric,2024,0.0,4,16961.83,646.2,559.31,701.94,1201.12,0.0
139,MERCEDES,white,hybrid,2022,10.63,4,39120.12,946.07,560.18,1183.68,1223.03,74.1644
140,MERCEDES,black,gasoline,2019,5.09,4,34395.4,1467.94,1215.41,520.21,1145.62,188.5923
141,OPEL,yellow,hybrid,2019,10.51,2,24805.84,1051.03,1397.36,1170.07,1149.4,59.3017
142,OPEL,navy blue,gasoline,2017,8.44,4,29499.91,1202.72,867.58,561.56,1082.78,165.5752
143,MERCEDES,yellow,gasoline,2016,11.07,4,37561.18,1389.9,513.18,1376.78,865.82,153.3778
144,BMV,sky blue,gasoline,2015,5.23,4,29573.17,1301.81,1211.31,790.87,734.11,100.6899
145,MERCEDES,pearl white,electric,2025,0.0,4,28634.61,1136.81,972.61,1085.47,1129.34,0.0
146,BMV,orange,electric,2025,0.0,4,33728.49,1244.62,780.11,689.58,625.07,0.0
147,SEAT,yellow,gasoline,2022,10.49,4,34165.51,1135.58,688.96,1323.35,1279.39,181.0479
148,MERCEDES,black,gasoline,2025,7.23,4,37594.06,1476.93,1250.1,1179.75,842.59,130.0574
149,BMV,sky blue,hybrid,2017,6.02,4,27120.03,699.48,1046.43,1497.7,642.21,33.3038
150,OPEL,yellow,electric,2015,0.0,4,36305.98,1085.97,1275.11,1303.09,571.11,0.0
151,SEAT,orange,electric,2017,0.0,2,35171.86,1174.43,603.29,1488.02,915.6,0.0
152,SEAT,sky blue,electric,2020,0.0,2,34495.3,1405.19,833.38,1459.72,521.85,0.0
153,MERCEDES,red,gasoline,2022,11.36,4,25109.11,1117.95,561.17,753.45,849.83,116.1605
154,MERCEDES,red,electric,2015,0.0,2,28866.34,1385.71,1219.28,1164.51,618.93,0.0
155,SEAT,red,gasoline,2018,10.18,4,25199.86,597.28,565.19,913.74,1463.9,174.9983
156,MERCEDES,white,gasoline,2023,9.28,4,32920.32,769.52,889.71,1195.42,1124.5,172.1599
157,MERCEDES,red,gasoline,2018,8.56,4,39160.09,1305.46,917.17,729.75,1080.39,221.9067
158,OPEL,pearl white,electric,2024,0.0,4,15185.26,1078.48,1200.28,1110.35,1106.88,0.0
159,MERCEDES,yellow,electric,2022,0.0,2,34875.67,656.75,1497.57,1104.44,1389.92,0.0
160,OPEL,orange,gasoline,2024,11.72,4,21802.74,1232.77,1328.03,731.55,627.26,164.3851
161,SEAT,red,electric,2019,0.0,4,19687.45,1385.88,1147.85,925.72,789.03,0.0
162,MERCEDES,navy blue,gasoline,2019,6.73,4,32728.07,1381.02,878.77,1441.28,831.8,237.2301
163,MERCEDES,pearl white,gasoline,2022,5.41,4,31991.54,1409.66,932.65,1345.01,1261.39,145.3189
164,MERCEDES,orange,electric,2019,0.0,4,24830.29,1373.29,1348.77,752.22,1368.83,0.0
165,BMV,white,hybrid,2017,6.25,2,38559.37,667.39,504.5,967.42,985.27,88.4017
166,SEAT,black,gasoline,2021,6.5,4,19640.72,553.0,678.87,1291.03,1000.74,164.9018
167,BMV,black,hybrid,2023,7.68,4,38669.12,676.93,921.26,1153.84,697.58,74.7135
168,BMV,black,electric,2024,0.0,2,33682.6,579.74,799.99,1119.14,1194.27,0.0
169,BMV,yellow,hybrid,2018,11.75,4,32703.82,1149.8,1203.15,586.45,739.99,33.4725
170,MERCEDES,red,electric,2018,0.0,4,33354.23,1453.73,1091.6,653.2,737.75,0.0
171,MERCEDES,black,electric,2023,0.0,2,28036.29,747.45,683.39,1489.27,1114.7,0.0
172,MERCEDES,sky blue,hybrid,2017,8.68,2,32041.6,1020.95,500.54,508.5,1282.58,63.1546
173,BMV,black,electric,2015,0.0,4,22124.98,1359.98,539.78,1417.11,928.32,0.0
174,SEAT,navy blue,hybrid,2018,8.39,2,31806.27,1274.82,810.69,1489.28,1302.97,69.6544
175,BMV,sky blue,hybrid,2022,8.69,2,21911.29,1439.57,924.59,774.7,925.04,37.2933
176,BMV,red,gasoline,2017,10.58,2,37493.22,1005.13,522.63,1359.88,589.13,210.5153
177,MERCEDES,sky blue,hybrid,2015,7.61,2,38902.08,1437.03,574.45,1052.84,1178.19,29.608
178,OPEL,white,hybrid,2021,11.99,2,17061.18,544.4,953.6,1108.65,634.04,29.9211
179,OPEL,white,gasoline,2021,6.49,2,18620.49,1003.91,1348.96,909.87,1455.96,192.9378
180,BMV,orange,hybrid,2020,7.32,2,17480.33,700.18,1287.58,1353.52,963.31,52.2827
181,BMV,orange,electric,2015,0.0,4,36412.28,641.52,785.64,1297.94,587.94,0.0
182,SEAT,black,electric,2025,0.0,4,32382.99,663.51,1231.83,816.35,709.69,0.0
183,SEAT,navy blue,hybrid,2020,10.22,2,18803.77,1327.31,1017.95,856.28,1370.88,44.0962
184,BMV,black,gasoline,2018,11.97,2,24316.35,1045.31,502.76,958.33,1027.34,186.6714
185,MERCEDES,sky blue,electric,2015,0.0,4,33777.46,1423.57,986.95,593.37,1160.85,0.0
186,BMV,navy blue,gasoline,2019,7.3,2,16869.1,1072.96,1415.06,1008.2,1484.02,166.0568
187,OPEL,white,hybrid,2023,11.55,4,22558.8,914.55,1173.33,1310.93,1164.76,44.8035
188,SEAT,yellow,hybrid,2022,11.49,4,26186.37,558.22,1295.98,843.05,990.25,85.9508
189,OPEL,pearl white,hybrid,2020,5.24,4,35517.85,1000.71,958.32,855.31,572.16,27.1931
190,SEAT,pearl white,electric,2016,0.0,2,33315.4,783.97,1051.89,1158.48,1288.01,0.0
191,BMV,orange,gasoline,2023,10.58,2,24960.87,1149.92,1273.16,1422.57,1451.86,195.3519
192,BMV,navy blue,gasoline,2019,5.8,4,15800.94,792.79,1265.64,1045.26,720.27,141.8273
193,SEAT,navy blue,electric,2017,0.0,4,27083.47,877.8,1393.74,681.05,616.02,0.0
194,BMV,sky blue,gasoline,2017,5.11,2,16596.01,1045.96,972.11,1445.57,1228.26,162.2562
195,SEAT,sky blue,electric,2022,0.0,2,22894.37,870.82,823.42,827.36,1481.19,0.0
196,MERCEDES,red,hybrid,2018,7.37,2,20838.56,953.93,676.78,1245.56,1097.03,83.0278
197,BMV,black,hybrid,2024,6.43,4,27850.98,1221.42,1171.98,1450.66,1002.7,62.2317
198,MERCEDES,pearl white,hybrid,2016,10.43,2,29046.78,640.28,865.22,819.35,1003.85,38.5441
199,MERCEDES,yellow,hybrid,2022,8.48,2,26946.95,974.71,728.5,740.75,510.35,80.2351
200,MERCEDES,white,gasoline,2020,10.07,2,21317.7,1371.49,1383.07,954.61,867.58,100.0647
201,BMV,yellow,gasoline,2016,10.08,2,25620.31,608.07,917.87,1403.95,899.95,214.0706
202,MERCEDES,white,electric,2023,0.0,4,34689.23,768.03,908.69,550.18,1322.6,0.0
203,BMV,sky blue,gasoline,2015,6.84,4,20227.81,934.82,1030.6,600.83,1431.94,228.7784
204,SEAT,red,electric,2025,0.0,2,22089.24,1237.94,1267.26,933.38,1446.36,0.0
205,BMV,pearl white,hybrid,2019,11.29,4,15984.34,1034.15,1190.94,775.33,1403.58,75.4759
206,SEAT,navy blue,gasoline,2022,5.37,4,25396.17,1039.12,1219.6,544.91,1028.78,206.0887
207,SEAT,pearl white,gasoline,2017,6.99,4,19252.97,1332.09,1486.69,731.73,614.08,166.8251
208,OPEL,sky blue,gasoline,2017,5.61,2,30572.38,977.96,756.48,1092.46,597.47,186.2733
209,OPEL,black,hybrid,2025,9.53,2,33278.1,799.28,600.95,769.63,793.34,32.3879
210,OPEL,sky blue,hybrid,2021,10.24,4,23877.24,1266.27,1137.24,737.16,828.5,48.6421
211,BMV,pearl white,hybrid,2020,10.62,4,37544.15,635.91,1444.0,670.96,864.0,24.9626
212,OPEL,white,hybrid,2020,11.42,2,28437.44,752.14,1008.19,941.33,1147.27,30.9834
213,MERCEDES,pearl white,gasoline,2016,5.11,2,27593.46,721.94,1371.64,687.51,1453.16,123.0294
214,OPEL,orange,gasoline,2020,7.78,2,25218.58,1351.62,1159.99,1449.49,1112.99,178.6396
215,MERCEDES,red,electric,2015,0.0,4,25257.8,1497.95,1284.73,781.67,1192.55,0.0
216,MERCEDES,orange,electric,2020,0.0,4,25014.04,601.71,717.08,910.06,894.8,0.0
217,SEAT,red,electric,2021,0.0,4,35705.64,1214.88,1049.34,671.58,1072.24,0.0
218,OPEL,red,hybrid,2017,8.63,4,22280.75,1144.08,737.78,1431.2,867.78,84.8157
219,MERCEDES,pearl white,gasoline,2023,9.21,2,37762.74,931.53,538.02,940.73,730.7,215.6722
220,OPEL,white,hybrid,2015,10.47,4,37793.72,856.35,906.32,673.59,1289.78,27.8461
221,OPEL,yellow,electric,2021,0.0,4,33762.94,691.03,1130.02,786.08,1171.05,0.0
222,OPEL,red,gasoline,2023,5.53,4,27175.8,1473.96,810.16,1029.23,930.33,113.2362
223,SEAT,red,gasoline,2020,11.02,2,22401.77,550.22,1414.56,1375.98,527.66,101.3504
224,SEAT,yellow,electric,2016,0.0,2,17471.02,1374.66,1232.13,1454.95,1310.43,0.0
225,SEAT,navy blue,electric,2016,0.0,4,27593.67,1474.22,1328.13,1436.61,698.86,0.0
226,MERCEDES,pearl white,electric,2023,0.0,2,23309.85,831.63,733.56,1029.71,591.56,0.0
227,SEAT,sky blue,gasoline,2021,6.36,4,25724.85,1224.9,605.73,1333.78,1368.86,199.0153
228,OPEL,navy blue,electric,2019,0.0,4,19340.78,962.19,1447.37,897.61,1249.37,0.0
229,SEAT,white,hybrid,2017,9.18,4,18993.84,596.02,1066.04,1442.83,522.45,32.9136
230,SEAT,sky blue,hybrid,2021,9.76,4,33154.18,668.55,933.37,591.1,969.0,29.7554
231,MERCEDES,pearl white,hybrid,2023,8.74,4,32120.13,1109.19,1344.36,663.67,673.61,30.1062
232,MERCEDES,red,gasoline,2016,8.6,2,23975.0,649.75,1089.19,1139.78,957.88,214.9613
233,SEAT,yellow,hybrid,2016,10.18,4,38399.5,1428.56,725.51,1232.45,550.34,51.7862
234,OPEL,yellow,electric,2025,0.0,2,29422.8,667.35,994.85,1305.61,1002.3,0.0
235,BMV,white,electric,2020,0.0,4,15156.37,854.21,1094.54,828.29,873.36,0.0
236,MERCEDES,yellow,gasoline,2019,5.76,2,36985.05,1048.86,1277.81,735.97,1384.26,126.3127
237,BMV,yellow,electric,2020,0.0,2,37316.18,844.24,1002.56,660.0,840.56,0.0
238,SEAT,pearl white,electric,2024,0.0,4,34703.59,1458.55,988.57,822.24,551.83,0.0
239,MERCEDES,sky blue,electric,2021,0.0,4,39317.36,1255.6,1004.16,1129.46,672.38,0.0
240,SEAT,yellow,gasoline,2025,11.5,2,17645.07,1166.69,1476.27,1491.73,1363.34,169.9706
241,MERCEDES,white,electric,2016,0.0,2,23387.95,1376.85,698.53,509.18,946.11,0.0
242,MERCEDES,red,electric,2020,0.0,4,22675.9,1403.79,1100.67,611.93,893.55,0.0
243,SEAT,sky blue,gasoline,2015,11.16,4,15486.83,1417.56,512.75,1192.42,1052.95,108.6268
244,MERCEDES,yellow,gasoline,2021,10.95,4,16782.96,1219.13,1077.37,1386.42,933.49,168.9701
245,MERCEDES,red,gasoline,2023,9.12,2,31757.01,1408.79,1462.68,1018.53,1244.11,220.4911
246,SEAT,navy blue,gasoline,2023,6.95,2,29894.31,622.16,888.13,1058.68,768.56,149.8964
247,SEAT,orange,electric,2025,0.0,4,26077.54,987.23,507.32,1437.0,1258.91,0.0
248,MERCEDES,orange,electric,2019,0.0,2,30935.64,1327.15,540.38,1465.43,929.42,0.0
249,BMV,orange,hybrid,2024,8.27,2,29519.9,1357.41,1159.97,764.73,1423.71,42.6578
250,MERCEDES,red,gasoline,2023,10.3,2,33827.9,1228.9,1361.43,740.72,1019.39,153.3949
251,BMV,yellow,gasoline,2020,5.18,4,23434.19,904.72,641.13,568.76,1109.35,168.7763
252,BMV,pearl white,gasoline,2015,9.67,2,17514.91,799.91,671.65,1144.83,868.66,184.2659
253,BMV,black,electric,2025,0.0,4,34209.44,1451.71,668.84,1136.62,1101.4,0.0
254,SEAT,white,electric,2024,0.0,4,23806.31,502.51,956.54,1194.72,628.16,0.0
255,BMV,yellow,hybrid,2017,10.85,4,26348.59,544.6,765.49,1166.79,606.26,82.7936
256,MERCEDES,red,hybrid,2025,6.6,2,18899.25,1371.92,724.7,1431.09,818.96,63.9597
257,BMV,red,hybrid,2019,10.86,2,26505.58,1354.84,980.17,1499.25,908.54,53.0595
258,OPEL,yellow,hybrid,2016,7.96,4,34901.67,1402.29,576.79,561.26,1215.23,64.5712
259,SEAT,white,gasoline,2023,6.73,2,33472.65,988.47,646.94,1077.88,857.03,203.6401
260,MERCEDES,pearl white,hybrid,2021,6.91,4,27823.95,814.09,607.11,1442.31,594.79,69.2513
261,MERCEDES,navy blue,electric,2025,0.0,2,15978.65,1230.57,1376.98,518.63,780.73,0.0
262,SEAT,black,hybrid,2023,7.65,2,34848.21,870.57,1053.97,959.69,1009.64,51.5271
263,SEAT,black,gasoline,2022,11.5,2,28012.52,525.73,867.88,615.03,615.54,156.0787
264,MERCEDES,yellow,gasoline,2020,10.8,2,38371.45,1348.78,1437.77,843.65,612.97,139.6072
265,BMV,sky blue,electric,2019,0.0,2,36655.32,1269.92,1210.82,981.38,1345.64,0.0
266,BMV,black,electric,2016,0.0,2,22285.27,1347.17,1175.89,769.22,925.83,0.0
267,SEAT,orange,electric,2016,0.0,4,21069.18,666.25,1107.89,680.74,882.63,0.0
268,MERCEDES,red,electric,2017,0.0,4,33099.18,1470.87,753.57,1053.41,1100.05,0.0
269,MERCEDES,sky blue,electric,2022,0.0,4,38148.18,581.0,682.98,520.67,994.6,0.0
270,BMV,pearl white,electric,2025,0.0,2,32550.35,788.67,1083.88,1067.47,1426.51,0.0
271,MERCEDES,pearl white,gasoline,2021,5.48,2,17624.36,1310.17,522.8,1357.22,682.44,101.8987
272,SEAT,red,gasoline,2019,7.54,4,32836.25,844.85,772.13,1005.79,686.83,200.1372
273,BMV,red,gasoline,2023,7.7,4,16255.73,720.9,1427.67,585.46,655.16,155.9702
274,MERCEDES,navy blue,gasoline,2016,7.57,4,22451.5,779.13,767.64,1433.82,894.81,102.7954
275,MERCEDES,navy blue,gasoline,2019,8.32,2,35891.69,543.67,1351.1,1381.76,1418.25,167.9727
276,MERCEDES,white,electric,2019,0.0,2,25683.48,852.37,1089.66,915.91,608.47,0.0
277,SEAT,white,hybrid,2017,8.04,4,22919.12,1409.84,1333.84,1099.86,1297.32,44.3595
278,BMV,sky blue,gasoline,2024,9.75,4,20616.53,835.42,1016.3,910.84,1031.84,216.4656
279,MERCEDES,orange,hybrid,2018,7.18,4,19182.62,988.15,1096.99,1256.21,984.97,30.557
280,MERCEDES,pearl white,gasoline,2019,11.96,2,16175.67,1011.52,748.86,1322.49,1319.57,219.5228
281,OPEL,red,hybrid,2016,9.61,2,39457.58,1165.93,898.63,1035.55,768.72,55.2301
282,SEAT,sky blue,electric,2023,0.0,4,39955.93,1414.09,1126.08,590.42,1133.17,0.0
283,SEAT,white,gasoline,2018,10.31,2,20259.68,915.51,1281.76,672.59,1250.98,234.6335
284,MERCEDES,black,hybrid,2016,5.06,4,39667.66,786.14,1334.71,1469.42,919.75,86.9871
285,MERCEDES,yellow,electric,2024,0.0,4,19274.45,1331.68,856.9,640.37,699.43,0.0
286,BMV,red,electric,2016,0.0,2,15138.68,595.07,825.3,1208.85,1406.89,0.0
287,BMV,white,hybrid,2016,7.24,4,21181.93,663.41,1131.77,1283.88,1420.31,67.3948
288,SEAT,navy blue,hybrid,2017,8.41,4,30571.38,1191.15,1358.76,663.14,1322.25,40.0015
289,OPEL,navy blue,gasoline,2019,5.2,2,36358.28,761.57,842.99,1075.19,1056.18,151.5991
290,BMV,yellow,hybrid,2021,5.44,2,17351.47,784.48,526.06,977.02,1202.95,54.3301
291,BMV,sky blue,electric,2017,0.0,4,30166.77,1461.04,1268.25,1015.26,768.3,0.0
292,BMV,orange,hybrid,2024,9.96,2,23796.12,719.94,793.23,876.54,609.38,78.929
293,BMV,red,hybrid,2015,5.43,2,20953.37,976.22,1041.72,535.37,1358.62,75.6022
294,OPEL,red,gasoline,2023,7.47,4,24405.43,974.17,600.64,589.75,846.94,151.585
295,OPEL,white,electric,2025,0.0,2,31133.18,642.02,1141.0,696.08,1099.49,0.0
296,MERCEDES,pearl white,electric,2023,0.0,4,26837.0,899.51,652.31,673.98,867.75,0.0
297,SEAT,pearl white,gasoline,2016,11.12,2,29212.14,607.62,1098.39,738.38,1258.87,169.8798
298,SEAT,pearl white,hybrid,2015,8.78,2,39559.07,1056.15,1409.57,1433.38,1129.02,86.401
299,BMV,sky blue,electric,2015,0.0,4,21868.63,710.27,1157.93,1209.72,1425.53,0.0
300,OPEL,navy blue,hybrid,2016,7.99,2,22884.68,1233.18,989.5,1237.29,922.95,26.4603
301,MERCEDES,white,hybrid,2022,5.98,2,21562.3,967.3,522.7,1279.31,1477.45,76.0347
302,OPEL,black,gasoline,2016,9.29,4,39924.9,693.05,1205.11,1067.88,1405.25,227.2017
303,BMV,yellow,gasoline,2022,8.49,2,25453.82,1084.68,1115.49,610.15,1460.79,173.1692
304,SEAT,pearl white,gasoline,2017,6.72,2,39047.2,749.37,724.78,807.77,809.93,208.6209
305,BMV,navy blue,hybrid,2020,8.19,2,16055.11,1439.14,746.14,873.95,1342.63,25.2371
306,OPEL,yellow,gasoline,2018,8.32,4,24500.76,595.8,1321.47,769.21,683.97,164.6302
307,SEAT,navy blue,gasoline,2016,10.82,4,18279.19,988.66,1415.34,878.93,1268.26,158.2906
308,BMV,orange,electric,2025,0.0,4,24569.89,1281.39,1066.85,766.02,1118.88,0.0
309,MERCEDES,navy blue,electric,2023,0.0,2,18127.6,1019.96,817.51,1491.62,779.71,0.0
310,OPEL,yellow,hybrid,2024,9.72,2,18982.53,853.8,703.74,751.34,1059.82,52.4144
311,BMV,pearl white,gasoline,2025,7.12,4,21873.98,697.54,1101.61,1102.58,829.2,221.0528
312,OPEL,white,gasoline,2015,11.84,2,20092.06,1155.27,1151.23,1142.24,540.66,105.076
313,BMV,red,electric,2022,0.0,2,33779.08,919.41,668.53,624.74,1397.49,0.0
314,SEAT,red,electric,2016,0.0,2,37261.77,1352.85,1287.18,1086.76,1150.29,0.0
315,SEAT,sky blue,hybrid,2015,10.78,4,18774.56,1460.08,831.48,1439.93,1092.85,25.1912
316,BMV,pearl white,hybrid,2017,9.12,2,20401.34,1161.51,902.2,845.52,986.54,44.8844
317,SEAT,orange,electric,2015,0.0,4,25384.56,900.28,1305.87,1228.84,994.15,0.0
318,OPEL,orange,gasoline,2019,5.24,4,39724.27,815.8,920.2,581.99,593.02,176.9718
319,BMV,red,electric,2025,0.0,4,20286.65,695.0,1270.57,1212.79,632.32,0.0
320,MERCEDES,yellow,hybrid,2024,8.18,2,29897.08,558.11,1086.19,1160.14,1320.4,32.3348
321,SEAT,pearl white,electric,2020,0.0,2,22532.65,1355.82,671.85,577.11,1348.02,0.0
322,OPEL,yellow,gasoline,2024,8.59,2,34350.67,693.92,1064.91,743.73,507.6,218.739
323,SEAT,orange,gasoline,2024,5.33,4,39071.86,1000.65,1009.96,867.04,1153.18,233.9791
324,BMV,orange,hybrid,2023,11.16,2,29360.61,613.08,825.93,1264.03,1029.74,62.8413
325,MERCEDES,black,electric,2025,0.0,4,29390.48,1284.7,837.31,600.71,1306.41,0.0
326,SEAT,black,hybrid,2025,5.83,4,29989.09,611.68,777.27,1249.94,611.34,69.9631
327,BMV,white,electric,2021,0.0,4,25386.9,702.38,601.82,1229.42,1480.94,0.0
328,SEAT,navy blue,gasoline,2018,11.09,4,37262.87,758.08,1226.27,745.17,789.54,113.3973
329,OPEL,yellow,electric,2018,0.0,4,25154.81,851.83,1235.83,1148.03,969.76,0.0
330,MERCEDES,orange,hybrid,2021,5.63,4,29722.87,736.29,558.07,1326.23,761.71,80.7477
331,BMV,yellow,gasoline,2020,6.45,2,34578.57,1046.54,1000.73,791.67,1042.19,151.1597
332,BMV,sky blue,gasoline,2022,10.54,4,21954.66,1038.43,1383.05,1050.9,1296.24,199.3039
333,SEAT,white,gasoline,2016,8.19,4,15823.64,562.52,967.86,1235.14,1475.87,213.564
334,SEAT,white,gasoline,2019,5.57,4,37847.91,759.22,1093.39,890.37,1429.13,118.858
335,BMV,black,hybrid,2023,11.28,2,22034.01,1371.61,785.82,748.45,1432.19,78.8401
336,MERCEDES,yellow,hybrid,2016,6.64,4,36792.03,760.16,570.79,692.29,1107.28,62.1714
337,SEAT,yellow,hybrid,2019,9.33,2,18025.09,552.08,1056.29,1377.3,906.96,56.0042
338,BMV,yellow,electric,2016,0.0,2,37215.99,656.14,533.97,1263.04,682.73,0.0
339,BMV,yellow,gasoline,2020,5.78,2,28307.17,952.75,1299.19,657.93,910.81,198.5733
340,BMV,orange,gasoline,2018,9.35,2,30528.49,863.83,674.24,937.95,1468.25,135.3904
341,SEAT,black,gasoline,2022,6.67,2,37717.33,835.83,1324.99,969.88,791.79,126.7617
342,MERCEDES,orange,hybrid,2019,9.44,2,31168.05,579.74,1019.79,1462.64,816.24,47.3087
343,OPEL,black,electric,2015,0.0,2,24186.57,727.75,658.66,1026.86,1176.1,0.0
344,MERCEDES,sky blue,electric,2022,0.0,4,17293.37,915.22,804.47,950.1,1332.18,0.0
345,MERCEDES,pearl white,hybrid,2025,8.0,4,19981.74,963.34,1169.76,692.37,707.34,56.1553
346,SEAT,black,gasoline,2015,8.94,2,36762.56,775.8,897.92,1265.7,943.68,211.5367
347,MERCEDES,navy blue,electric,2019,0.0,2,34350.54,1309.77,1118.82,1007.94,1075.7,0.0
348,MERCEDES,sky blue,hybrid,2018,8.45,2,28979.99,1124.55,1380.68,1271.52,927.11,47.9258
349,SEAT,sky blue,gasoline,2020,9.13,4,21537.34,848.0,788.47,1277.71,933.17,118.6877
350,MERCEDES,pearl white,electric,2018,0.0,2,23164.53,588.39,1225.94,547.81,948.55,0.0
351,MERCEDES,red,electric,2019,0.0,4,39297.6,1418.69,957.78,534.29,710.41,0.0
352,SEAT,pearl white,hybrid,2021,7.48,2,34787.11,1449.09,738.51,1336.75,746.51,77.7331
353,OPEL,orange,electric,2019,0.0,4,23838.09,1021.05,625.97,1380.33,570.19,0.0
354,MERCEDES,black,hybrid,2020,8.53,4,30915.65,964.41,1307.61,1470.82,822.55,64.6625
355,MERCEDES,sky blue,hybrid,2023,5.26,2,23229.82,1213.89,967.53,993.7,500.3,22.7157
356,SEAT,red,hybrid,2023,9.56,2,39692.01,916.63,1204.27,587.97,997.11,72.8234
357,BMV,orange,gasoline,2019,8.31,2,15288.6,1261.01,608.73,1010.34,1057.03,113.82
358,OPEL,navy blue,electric,2019,0.0,2,22932.77,945.6,1103.27,728.74,533.9,0.0
359,BMV,yellow,gasoline,2025,6.09,4,21372.48,1314.52,1098.18,790.24,915.99,159.5446
360,SEAT,yellow,electric,2019,0.0,4,38875.22,762.87,674.21,692.72,778.6,0.0
361,SEAT,sky blue,hybrid,2022,7.89,2,16313.16,630.65,1055.69,1496.63,1245.07,36.6367
362,OPEL,black,electric,2016,0.0,2,30049.71,998.92,1150.29,683.05,1119.63,0.0
363,MERCEDES,orange,electric,2018,0.0,4,18501.03,1092.91,1368.24,663.34,840.24,0.0
364,SEAT,pearl white,gasoline,2022,9.51,2,32247.69,1348.86,600.74,1407.32,585.78,179.9566
365,MERCEDES,navy blue,gasoline,2018,5.23,4,33005.3,1109.74,588.17,856.64,778.41,153.44
366,MERCEDES,sky blue,hybrid,2018,6.86,4,21482.22,1019.6,557.68,594.93,1432.13,68.2933
367,MERCEDES,sky blue,gasoline,2025,9.83,2,38231.24,1326.77,615.25,1125.26,793.86,189.346
368,BMV,yellow,hybrid,2020,10.15,4,32443.2,732.62,734.91,1297.32,1025.14,58.0475
369,SEAT,black,gasoline,2015,11.63,4,22606.64,1140.93,557.23,1486.1,1128.93,174.6048
370,OPEL,pearl white,gasoline,2015,5.56,4,19131.23,1280.24,1142.05,570.28,1354.75,152.1558
371,MERCEDES,white,hybrid,2018,5.9,2,30323.7,1405.32,1192.59,988.37,1251.59,32.1417
372,MERCEDES,navy blue,hybrid,2023,6.4,4,15090.21,1123.85,865.23,620.98,1385.65,59.244
373,MERCEDES,red,hybrid,2017,5.65,2,23783.21,1276.3,1151.16,1172.34,1081.53,79.1113
374,MERCEDES,orange,hybrid,2017,6.16,2,15093.66,814.74,764.43,1434.48,1259.62,34.6345
375,BMV,orange,electric,2016,0.0,4,27336.6,1299.21,962.45,1068.32,737.76,0.0
376,MERCEDES,red,hybrid,2020,9.91,4,18937.79,1260.05,1002.0,759.13,980.74,61.2819
377,BMV,black,gasoline,2016,11.71,4,32894.63,807.85,1277.29,1420.45,990.12,220.9906
378,OPEL,pearl white,gasoline,2015,8.79,4,15139.84,1319.73,1443.29,1194.2,885.11,218.0608
379,MERCEDES,orange,electric,2018,0.0,2,30414.75,1246.22,773.18,762.15,1047.68,0.0
380,BMV,orange,hybrid,2015,9.18,2,19980.89,738.97,1453.49,1161.86,861.44,49.3772
381,OPEL,white,hybrid,2016,6.15,4,24346.25,1425.97,1222.33,1131.39,1332.74,79.1785
382,SEAT,white,hybrid,2018,8.9,2,21868.87,723.54,598.84,1023.91,1174.7,44.3328
383,MERCEDES,red,electric,2020,0.0,4,37347.95,1140.8,1000.27,548.52,1360.93,0.0
384,MERCEDES,black,gasoline,2023,9.82,2,18654.42,732.68,704.16,1481.78,673.36,110.6882
385,BMV,navy blue,hybrid,2025,10.32,2,24201.76,1349.1,1021.4,1310.02,798.74,80.9676
386,SEAT,pearl white,hybrid,2017,5.6,2,26735.01,636.49,1153.07,1192.77,1036.8,65.0795
387,BMV,orange,gasoline,2015,11.56,4,36261.45,984.1,1034.06,1006.59,894.86,190.7288
388,SEAT,orange,gasoline,2021,11.68,4,22619.71,801.86,1225.21,1354.89,1067.16,123.6746
389,BMV,white,gasoline,2024,11.41,4,30782.83,838.08,945.53,561.19,743.63,207.5162
390,SEAT,sky blue,hybrid,2025,7.43,2,20398.24,1157.05,1104.75,827.48,1400.15,40.9235
391,BMV,yellow,electric,2017,0.0,4,18669.39,1132.02,512.66,1431.93,579.66,0.0
392,SEAT,navy blue,electric,2017,0.0,4,19019.73,570.51,1091.78,827.97,1313.57,0.0
393,OPEL,sky blue,gasoline,2019,7.89,4,18392.66,1245.64,1350.89,1413.58,1221.89,150.3892
394,MERCEDES,orange,hybrid,2020,9.76,2,26603.57,606.11,1029.3,1434.62,1001.38,51.4048
395,BMV,sky blue,electric,2018,0.0,2,31118.8,1378.91,847.72,939.36,934.08,0.0
396,SEAT,pearl white,electric,2015,0.0,2,24414.45,585.76,583.08,751.07,1411.43,0.0
397,MERCEDES,white,electric,2023,0.0,2,19854.17,1222.85,545.87,1018.15,871.89,0.0
398,MERCEDES,navy blue,hybrid,2019,11.55,2,20576.99,735.32,696.53,760.36,1024.21,87.6753
399,BMV,black,hybrid,2019,5.56,4,18923.65,748.96,1120.34,1411.53,1075.65,38.9045
400,OPEL,orange,hybrid,2017,7.73,4,37678.78,759.53,943.41,678.43,519.85,72.422
401,OPEL,pearl white,hybrid,2025,5.05,2,37772.18,770.23,724.05,1450.03,1472.14,66.8202
402,MERCEDES,sky blue,gasoline,2015,7.02,4,19174.28,800.3,1223.18,1329.07,1048.33,151.2774
403,OPEL,navy blue,electric,2023,0.0,2,16820.58,788.08,899.77,1051.58,876.56,0.0
404,BMV,yellow,hybrid,2025,9.66,2,39468.69,961.72,885.44,1435.77,805.97,62.6691
405,BMV,orange,hybrid,2021,6.96,2,23235.53,1222.86,755.52,695.23,1305.03,69.0229
406,OPEL,pearl white,hybrid,2019,11.76,2,34497.24,694.09,988.34,1030.5,1493.48,54.1045
407,OPEL,pearl white,hybrid,2024,7.7,2,20786.12,1008.27,527.25,511.64,960.49,22.6143
408,SEAT,sky blue,gasoline,2019,5.55,4,24991.37,1474.15,702.04,533.82,1209.11,133.6005
409,MERCEDES,navy blue,gasoline,2017,6.64,4,23940.83,901.12,1252.12,607.44,1049.87,132.9875
410,BMV,sky blue,gasoline,2023,9.85,2,34670.83,1454.57,1430.91,1277.99,642.56,136.6965
411,OPEL,navy blue,hybrid,2021,9.27,2,33371.07,897.84,980.09,659.52,1374.41,23.7033
412,BMV,yellow,hybrid,2020,8.94,4,25881.46,886.78,1258.36,611.64,648.28,73.8062
413,OPEL,navy blue,electric,2023,0.0,4,24228.71,640.42,504.61,996.29,1419.98,0.0
414,BMV,sky blue,gasoline,2019,6.07,2,25038.83,711.49,579.58,749.0,1179.68,168.7102
415,SEAT,black,gasoline,2025,11.0,4,37224.35,961.06,1150.06,560.52,1288.45,153.6001
416,MERCEDES,sky blue,electric,2021,0.0,2,20845.81,695.62,822.82,1365.99,694.27,0.0
417,MERCEDES,orange,hybrid,2023,5.11,4,19359.01,1409.48,1395.29,646.46,678.4,37.0271
418,OPEL,yellow,gasoline,2016,5.29,2,31618.34,1499.32,645.78,643.83,1330.3,222.8005
419,BMV,red,electric,2019,0.0,2,39342.89,1219.47,956.81,571.46,819.84,0.0
420,SEAT,black,gasoline,2020,5.43,2,31898.13,924.96,700.73,667.72,744.36,143.4592
421,SEAT,red,hybrid,2016,11.69,4,37850.43,984.85,1041.74,1145.39,994.13,57.9056
422,OPEL,orange,gasoline,2015,6.46,2,30999.95,1243.08,1042.62,1394.81,1081.13,231.6604
423,SEAT,black,electric,2021,0.0,2,17469.67,1434.38,1035.17,1116.69,1144.93,0.0
424,BMV,sky blue,hybrid,2021,9.87,2,28399.4,991.63,1402.0,641.79,1114.88,58.9789
425,SEAT,pearl white,gasoline,2023,9.91,4,28181.4,1486.7,1447.9,757.67,672.59,211.9952
426,MERCEDES,navy blue,gasoline,2019,10.87,2,22335.44,1302.85,1399.37,544.02,1374.45,119.4251
427,SEAT,yellow,gasoline,2024,6.32,2,33940.68,1370.57,1153.42,1464.37,1406.92,174.6202
428,BMV,pearl white,hybrid,2020,9.62,2,22812.11,732.15,636.27,1478.57,1325.15,40.196
429,BMV,black,electric,2022,0.0,2,32795.08,1289.32,1243.32,1043.66,1323.53,0.0
430,MERCEDES,white,hybrid,2017,11.01,2,27697.75,527.13,1169.01,506.71,1377.95,27.2757
431,SEAT,pearl white,gasoline,2015,11.71,2,22724.65,1250.45,936.56,991.03,543.25,228.8889
432,BMV,sky blue,electric,2021,0.0,4,15929.0,952.93,1215.33,916.51,662.85,0.0
433,SEAT,red,gasoline,2017,5.81,4,38348.4,1108.27,772.4,889.69,592.22,101.0795
434,MERCEDES,yellow,electric,2021,0.0,4,32790.05,992.83,797.55,698.37,857.87,0.0
435,BMV,pearl white,electric,2016,0.0,4,37678.97,1218.83,1390.09,795.14,1430.14,0.0
436,BMV,black,gasoline,2018,10.66,4,19470.5,575.96,568.06,808.49,910.28,223.0692
437,OPEL,orange,hybrid,2019,7.73,4,37676.07,1473.12,1169.01,1284.03,830.03,25.7902
438,SEAT,yellow,hybrid,2016,11.01,4,34851.38,606.79,1037.71,792.08,779.63,87.9173
439,BMV,red,electric,2022,0.0,2,30491.35,631.43,785.46,1001.31,1028.37,0.0
440,MERCEDES,navy blue,electric,2025,0.0,2,39295.86,1365.02,684.17,1447.59,770.45,0.0
441,OPEL,sky blue,electric,2017,0.0,2,18868.47,990.34,890.7,1066.61,920.34,0.0
442,SEAT,navy blue,gasoline,2017,11.33,2,38263.08,1338.99,1387.5,1494.05,862.81,167.9281
443,OPEL,yellow,hybrid,2025,9.62,2,31020.44,1452.7,1417.24,1235.82,902.6,79.8842
444,MERCEDES,white,gasoline,2021,6.62,2,19094.84,1339.59,1356.26,1352.18,693.68,185.4462
445,MERCEDES,sky blue,electric,2025,0.0,4,22330.76,897.19,906.87,942.26,1262.76,0.0
446,SEAT,navy blue,electric,2017,0.0,2,18989.15,670.48,579.4,1057.68,1230.37,0.0
447,OPEL,white,gasoline,2017,9.76,2,20153.19,636.94,1099.35,777.59,1040.59,105.2222
448,OPEL,pearl white,electric,2024,0.0,4,19721.14,580.58,737.47,914.02,607.78,0.0
449,BMV,white,electric,2023,0.0,2,15754.65,719.38,1155.06,1414.67,809.45,0.0
450,BMV,black,gasoline,2023,10.78,2,21040.63,892.96,814.07,754.83,500.89,111.5461
451,SEAT,white,hybrid,2017,8.75,2,34554.17,946.02,1018.92,980.56,1294.35,73.9102
452,OPEL,navy blue,hybrid,2023,9.11,2,35974.75,759.66,974.75,1452.15,658.7,40.2644
453,OPEL,black,hybrid,2016,8.56,2,32262.96,1330.01,1499.42,561.65,606.01,71.8719
454,BMV,orange,gasoline,2023,6.83,2,23131.75,599.8,1298.39,593.59,1296.56,123.6693
455,MERCEDES,navy blue,hybrid,2016,9.21,4,15766.24,618.23,1124.93,523.29,684.35,25.8287
456,OPEL,sky blue,hybrid,2021,7.52,4,16610.03,1272.58,1143.28,1283.27,755.88,45.6662
457,SEAT,orange,gasoline,2025,10.78,4,21551.6,605.45,1436.59,1179.85,1482.01,193.4599
458,OPEL,white,electric,2017,0.0,2,38289.05,1075.24,1415.65,1402.21,747.01,0.0
459,MERCEDES,red,gasoline,2025,8.58,2,22303.32,1326.92,769.19,774.56,567.66,135.5813
460,SEAT,orange,gasoline,2021,9.3,2,38529.65,514.06,881.62,857.14,739.93,210.0626
461,BMV,yellow,gasoline,2022,10.52,4,20218.88,1004.89,794.43,816.38,999.26,232.3253
462,MERCEDES,red,electric,2018,0.0,4,23434.63,1220.63,816.03,754.5,1491.38,0.0
463,OPEL,yellow,hybrid,2017,5.18,4,38804.11,786.74,1004.7,1496.76,1333.64,28.0009
464,MERCEDES,yellow,gasoline,2019,5.33,4,18247.97,569.67,1217.64,1327.88,1061.23,204.0513
465,OPEL,navy blue,hybrid,2023,6.52,2,15987.7,1013.13,1482.18,772.89,595.54,73.2512
466,BMV,orange,electric,2015,0.0,2,20253.54,948.39,1102.75,762.96,1259.05,0.0
467,BMV,black,electric,2016,0.0,4,27912.3,984.28,1080.72,1490.75,553.44,0.0
468,MERCEDES,orange,hybrid,2025,10.66,4,31906.22,1467.01,1420.87,1234.91,761.83,50.5866
469,SEAT,pearl white,gasoline,2025,10.02,2,35671.18,1213.7,1082.93,626.18,561.83,228.5225
470,BMV,sky blue,electric,2020,0.0,4,31870.66,1293.96,1307.94,1306.89,976.51,0.0
471,MERCEDES,pearl white,electric,2020,0.0,2,39379.07,663.52,579.37,971.85,864.47,0.0
472,OPEL,pearl white,gasoline,2024,11.84,4,15737.17,1423.72,1038.47,1069.84,824.31,130.7428
473,OPEL,orange,gasoline,2019,5.34,4,39021.79,817.18,1113.43,670.93,1114.71,137.0441
474,OPEL,navy blue,electric,2021,0.0,2,24838.93,640.28,1389.08,1122.93,1189.07,0.0
475,SEAT,pearl white,electric,2018,0.0,2,29173.54,509.13,1157.7,903.98,853.69,0.0
476,BMV,navy blue,electric,2025,0.0,4,16841.56,1390.3,601.22,1165.91,941.68,0.0
477,BMV,black,hybrid,2022,6.53,2,30778.76,846.32,917.61,1488.61,1291.16,54.5225
478,SEAT,pearl white,electric,2020,0.0,4,18243.43,1251.42,1256.96,1070.48,1080.28,0.0
479,BMV,orange,electric,2017,0.0,2,34724.55,1428.68,891.4,702.37,1026.92,0.0
480,OPEL,red,hybrid,2023,11.04,2,34621.17,1145.5,592.48,1304.12,1104.41,80.5863
481,MERCEDES,orange,hybrid,2018,5.45,4,19359.28,829.27,588.65,1334.02,728.12,85.3536
482,BMV,white,hybrid,2024,10.42,2,35645.86,681.61,942.22,1312.08,1057.32,83.8498
483,SEAT,navy blue,hybrid,2023,7.86,2,34935.19,1181.94,860.88,1277.03,860.06,42.7059
484,OPEL,black,gasoline,2017,8.79,4,20265.01,691.28,1476.88,559.12,1109.74,235.1665
485,SEAT,sky blue,gasoline,2017,7.65,4,38473.54,860.22,1009.22,640.99,1112.92,150.0732
486,SEAT,sky blue,gasoline,2023,7.92,2,34559.06,793.65,725.16,736.25,1006.95,117.985
487,SEAT,red,gasoline,2020,8.76,4,37585.54,1115.47,505.73,535.4,1148.6,235.5048
488,OPEL,orange,electric,2016,0.0,2,29643.65,1488.44,1020.61,1195.53,825.77,0.0
489,OPEL,navy blue,hybrid,2020,9.68,2,26798.67,1492.99,774.16,1401.43,1379.45,61.1613
490,MERCEDES,pearl white,hybrid,2018,10.8,4,18098.25,1024.53,596.93,966.25,879.07,85.77
491,SEAT,red,hybrid,2016,9.72,4,15380.66,1471.78,872.41,921.43,988.75,86.7642
492,MERCEDES,sky blue,hybrid,2018,5.09,2,27423.23,1093.06,650.68,674.99,925.45,34.0564
493,BMV,pearl white,electric,2018,0.0,4,21064.02,601.65,540.08,977.78,690.06,0.0
494,SEAT,red,gasoline,2019,7.11,4,23147.22,1434.34,993.8,1253.9,1298.72,177.5064
495,BMV,navy blue,hybrid,2017,10.5,2,22427.16,687.79,694.76,707.27,585.84,71.8569
496,SEAT,white,electric,2025,0.0,4,20687.3,1166.44,1254.89,968.89,1037.01,0.0
497,MERCEDES,black,hybrid,2017,11.76,2,28824.62,683.7,1177.34,1151.57,1371.67,59.3877
498,BMV,black,gasoline,2021,8.08,2,27080.55,1387.85,1499.01,1444.99,991.5,188.4869
499,MERCEDES,orange,gasoline,2015,9.58,2,33536.79,1385.55,979.89,1498.53,1478.88,129.2749
500,SEAT,red,electric,2019,0.0,2,26622.91,802.79,1485.83,574.27,1287.0,0.0
501,MERCEDES,black,electric,2015,0.0,4,16288.04,664.82,1180.16,912.45,1454.97,0.0
502,BMV,orange,hybrid,2024,11.38,4,24988.93,1092.54,1275.58,1320.66,762.58,60.2314
503,MERCEDES,red,electric,2019,0.0,2,27411.09,696.39,1083.96,677.51,1340.08,0.0
504,SEAT,yellow,hybrid,2023,7.94,2,28626.87,616.11,1262.93,576.31,762.17,23.1001
505,SEAT,orange,hybrid,2025,5.56,4,19341.17,1336.83,544.55,671.7,1366.66,73.0002
506,SEAT,red,electric,2020,0.0,4,27344.81,1479.67,1344.88,712.54,663.45,0.0
507,BMV,red,hybrid,2017,10.2,4,38790.71,1280.98,832.05,1411.55,799.06,21.7592
508,MERCEDES,navy blue,electric,2021,0.0,2,23440.05,1134.31,582.84,667.74,665.16,0.0
509,OPEL,red,gasoline,2017,11.06,4,38766.31,1436.44,1176.09,1473.28,1445.14,138.3701
510,SEAT,white,electric,2018,0.0,4,32271.44,1483.83,1327.19,1318.69,923.34,0.0
511,OPEL,sky blue,hybrid,2025,5.2,2,39685.44,1027.9,991.61,1150.8,1134.61,75.0265
512,SEAT,white,hybrid,2016,11.82,2,22247.66,794.63,1193.05,567.45,960.57,27.5587
513,MERCEDES,navy blue,gasoline,2022,10.29,2,31411.07,1201.34,879.85,979.23,885.32,227.2759
514,BMV,red,hybrid,2016,8.53,4,16780.57,732.08,839.31,693.84,640.65,40.0501
515,MERCEDES,yellow,electric,2015,0.0,2,24357.18,958.91,1007.6,723.04,590.91,0.0
516,OPEL,pearl white,gasoline,2025,7.01,2,38360.62,1426.45,1314.79,806.58,1128.5,175.4762
517,MERCEDES,navy blue,gasoline,2023,5.66,2,19993.4,627.92,1126.04,1239.0,903.41,155.5789
518,MERCEDES,yellow,electric,2021,0.0,4,25268.51,1102.05,1431.46,1444.02,601.6,0.0
519,MERCEDES,orange,hybrid,2017,7.45,2,17738.92,1178.71,627.18,1419.02,1139.73,41.0152
520,SEAT,navy blue,gasoline,2023,7.29,4,20406.69,601.65,1304.43,563.39,952.1,175.9737
521,OPEL,navy blue,electric,2019,0.0,4,30425.55,1381.49,883.53,1277.77,615.22,0.0
522,MERCEDES,red,hybrid,2025,10.5,2,38622.73,825.07,924.2,681.55,774.67,77.5919
523,OPEL,black,hybrid,2025,10.16,4,18633.13,823.27,1145.15,1429.53,535.43,41.6202
524,BMV,pearl white,gasoline,2021,6.97,2,23213.92,795.24,606.04,1337.9,541.68,136.7022
525,MERCEDES,black,hybrid,2015,8.66,4,32038.78,939.18,880.34,929.77,872.23,43.2148
526,BMV,pearl white,hybrid,2018,7.7,2,30553.5,1452.98,783.98,775.07,537.47,27.3076
527,BMV,orange,hybrid,2019,6.15,2,34531.19,1486.3,692.83,873.36,1025.39,35.9123
528,BMV,black,electric,2015,0.0,2,35524.1,1441.33,1038.03,983.12,1063.36,0.0
529,MERCEDES,black,gasoline,2021,8.34,2,35873.54,608.5,676.62,713.25,608.24,233.8286
530,OPEL,sky blue,hybrid,2022,9.76,4,37930.47,821.9,1133.99,1091.1,604.33,40.7809
531,SEAT,sky blue,hybrid,2017,11.13,4,22930.85,807.02,1208.65,1394.36,1141.06,72.0354
532,BMV,yellow,gasoline,2020,11.35,2,31404.77,1429.32,654.68,1286.4,713.38,183.3496
533,SEAT,red,gasoline,2016,9.57,4,34232.39,1480.38,1271.2,672.86,1280.44,214.4314
534,BMV,sky blue,gasoline,2017,9.61,2,31443.23,1108.33,1317.76,633.16,940.57,130.8536
535,SEAT,black,electric,2019,0.0,4,19161.36,1371.36,1391.65,1189.5,1457.12,0.0
536,MERCEDES,black,electric,2019,0.0,2,36639.1,510.25,930.45,958.43,1296.58,0.0
537,SEAT,white,gasoline,2015,9.39,4,15077.56,871.36,1042.43,538.25,784.02,199.6649
538,BMV,navy blue,electric,2020,0.0,2,35519.31,1130.05,958.6,588.34,1093.63,0.0
539,BMV,red,hybrid,2023,6.89,4,15681.6,600.16,1024.84,1039.09,895.19,25.8406
540,BMV,white,electric,2022,0.0,4,21244.1,916.03,630.73,1347.17,887.47,0.0
541,SEAT,navy blue,gasoline,2018,6.31,2,27185.78,1252.34,1181.07,881.47,824.13,137.525
542,OPEL,navy blue,hybrid,2016,9.49,2,36635.03,746.47,1391.35,1279.01,771.43,65.4428
543,OPEL,sky blue,gasoline,2015,6.33,4,30073.8,1291.93,1452.9,1452.99,1353.32,184.6053
544,BMV,black,electric,2023,0.0,2,23271.96,1258.21,695.18,671.79,966.87,0.0
545,OPEL,navy blue,hybrid,2024,7.45,4,30777.97,1472.72,1460.86,769.65,1073.83,71.6802
546,OPEL,black,gasoline,2021,5.3,4,24484.43,598.96,1323.89,857.72,1148.29,185.5105
547,SEAT,pearl white,electric,2022,0.0,4,26706.95,926.47,677.55,766.84,1116.07,0.0
548,OPEL,navy blue,gasoline,2020,11.01,2,25697.81,602.86,882.09,677.85,1029.78,147.1221
549,SEAT,pearl white,hybrid,2024,6.91,4,25102.96,1236.15,1273.4,1022.89,1203.55,63.9022
550,BMV,navy blue,gasoline,2024,10.14,4,32308.79,1374.28,820.55,1027.88,579.83,178.0517
551,BMV,white,hybrid,2016,6.03,4,36700.4,665.19,1128.91,1459.38,718.8,76.6441
552,MERCEDES,orange,gasoline,2019,9.25,4,28855.9,540.05,1060.98,628.29,1470.94,119.3773
553,MERCEDES,navy blue,gasoline,2018,5.49,2,34845.23,626.89,970.55,751.22,777.46,234.9689
554,MERCEDES,red,hybrid,2015,6.32,2,21185.58,1041.9,708.98,614.37,775.83,81.0238
555,OPEL,yellow,electric,2020,0.0,2,30612.1,1167.92,1046.89,1140.31,1044.33,0.0
556,MERCEDES,white,hybrid,2024,7.2,2,22954.85,655.73,774.05,735.08,1360.3,57.938
557,MERCEDES,navy blue,gasoline,2016,8.73,2,19099.24,1103.52,1494.31,699.48,1268.38,152.3169
558,MERCEDES,sky blue,gasoline,2023,7.64,2,39050.45,1111.56,914.97,810.2,624.05,216.7793
559,SEAT,navy blue,electric,2016,0.0,4,18302.4,1349.79,1214.48,1476.56,1104.02,0.0
560,MERCEDES,yellow,hybrid,2019,5.55,4,20701.96,921.12,520.06,844.64,865.48,53.1607
561,SEAT,navy blue,gasoline,2020,11.82,2,39172.77,861.29,977.5,1281.36,787.23,232.8803
562,OPEL,navy blue,hybrid,2023,9.6,2,34673.11,526.23,1382.14,520.27,1289.37,40.9973
563,SEAT,sky blue,hybrid,2016,7.58,2,28194.07,779.5,1106.79,1423.22,1413.32,39.5929
564,MERCEDES,red,hybrid,2017,6.89,4,29757.57,1050.31,791.72,1308.89,1362.56,29.4397
565,MERCEDES,yellow,electric,2025,0.0,2,16030.3,976.4,1484.1,861.04,592.58,0.0
566,OPEL,black,hybrid,2024,11.93,4,23120.86,1145.47,1224.19,852.33,1058.27,37.2204
567,SEAT,yellow,hybrid,2023,10.74,2,15421.73,572.07,1346.53,853.9,1304.85,47.6795
568,SEAT,sky blue,hybrid,2020,6.01,2,39164.57,535.44,568.51,616.44,674.21,60.7891
569,BMV,navy blue,hybrid,2020,7.66,2,35192.34,818.42,1059.12,764.61,624.67,68.2062
570,OPEL,black,gasoline,2025,7.06,4,29954.27,708.54,1415.97,531.31,1021.74,203.7307
571,BMV,red,electric,2016,0.0,4,15193.3,665.65,817.96,764.29,1474.88,0.0
572,SEAT,black,hybrid,2024,11.53,4,31195.82,1175.48,759.67,528.89,803.69,77.9458
573,BMV,red,gasoline,2015,9.31,2,22558.82,1240.77,944.15,1059.8,746.89,238.183
574,OPEL,navy blue,electric,2024,0.0,2,32309.67,733.41,921.1,749.41,575.1,0.0
575,OPEL,navy blue,gasoline,2017,10.3,4,33055.58,988.85,787.07,628.77,638.39,195.7991
576,SEAT,navy blue,hybrid,2023,9.64,4,37118.23,663.9,714.38,802.53,895.66,48.9249
577,SEAT,yellow,hybrid,2016,9.24,2,29741.53,619.8,691.51,1228.81,839.34,25.0847
578,BMV,navy blue,hybrid,2025,10.26,2,18787.05,813.4,1374.24,1299.74,506.09,29.969
579,SEAT,sky blue,hybrid,2023,5.06,4,21739.4,727.49,1433.85,741.06,703.19,21.9321
580,MERCEDES,navy blue,electric,2022,0.0,4,34143.83,1075.84,1209.8,1361.06,1000.38,0.0
581,OPEL,navy blue,hybrid,2015,7.98,2,26152.67,1224.94,1446.29,761.1,764.99,52.8157
582,OPEL,white,gasoline,2016,6.01,4,15997.34,1180.07,950.58,1245.23,653.77,159.2046
583,BMV,orange,electric,2024,0.0,4,27221.63,1222.34,893.17,992.24,796.1,0.0
584,MERCEDES,pearl white,electric,2019,0.0,4,38105.73,742.71,845.26,608.28,681.53,0.0
585,BMV,orange,electric,2024,0.0,2,32056.61,1093.83,1029.04,1300.65,931.5,0.0
586,BMV,yellow,hybrid,2023,9.62,2,26149.44,1066.65,667.53,1403.18,979.03,77.6481
587,BMV,black,gasoline,2022,6.2,2,16087.53,1359.91,830.64,502.81,687.81,112.1931
588,OPEL,red,hybrid,2021,5.22,2,21341.2,952.84,916.04,1360.52,1209.39,35.1832
589,BMV,yellow,gasoline,2020,7.28,2,24834.7,892.15,592.74,922.83,792.02,145.3777
590,MERCEDES,navy blue,gasoline,2019,6.49,2,34234.07,1098.3,547.28,590.53,987.82,239.5643
591,MERCEDES,navy blue,electric,2017,0.0,2,24844.27,1441.8,622.96,1267.81,1141.62,0.0
592,SEAT,sky blue,electric,2016,0.0,4,32973.37,1478.19,788.36,1231.84,1181.12,0.0
593,BMV,black,gasoline,2020,8.56,2,37251.11,612.16,769.0,927.95,866.6,233.4849
594,OPEL,black,hybrid,2021,10.5,2,17785.2,1078.51,806.61,693.5,513.7,55.215
595,OPEL,white,electric,2019,0.0,2,35839.1,632.09,957.12,953.23,524.41,0.0
596,BMV,white,gasoline,2022,11.42,4,18004.13,725.96,1250.19,1370.13,1140.22,206.1039
597,MERCEDES,sky blue,gasoline,2024,6.52,4,16419.61,518.79,836.5,634.74,1184.8,166.8924
598,SEAT,pearl white,hybrid,2016,9.05,4,22840.33,1425.22,1156.84,1015.35,925.16,34.9611
599,SEAT,pearl white,hybrid,2021,5.99,4,22089.96,554.3,552.42,1154.71,1403.35,80.4145
600,BMV,white,gasoline,2016,8.25,2,31003.88,760.21,666.28,806.5,1110.25,228.5447
601,MERCEDES,pearl white,electric,2018,0.0,2,38865.36,1377.71,1355.49,1347.7,838.13,0.0
602,BMV,orange,electric,2019,0.0,2,23728.09,1388.56,516.16,551.3,1174.53,0.0
603,MERCEDES,orange,hybrid,2016,10.04,4,16015.26,953.47,769.4,1411.45,1009.54,35.3186
604,MERCEDES,yellow,electric,2020,0.0,4,21078.04,1489.18,984.87,1164.55,961.69,0.0
605,MERCEDES,white,gasoline,2019,11.69,4,20437.07,842.72,797.77,1032.92,640.64,239.2399
606,MERCEDES,yellow,hybrid,2017,8.69,4,29060.22,798.1,676.57,1089.37,676.19,30.5201
607,SEAT,pearl white,hybrid,2019,6.37,4,21353.87,696.8,1190.03,1167.46,647.85,40.2969
608,BMV,white,hybrid,2018,11.44,4,27716.02,849.41,880.58,1424.64,924.77,61.8579
609,BMV,red,electric,2022,0.0,4,38747.29,1076.95,1244.46,1450.68,600.58,0.0
610,OPEL,white,electric,2020,0.0,4,37838.82,510.21,1161.94,1372.49,587.33,0.0
611,MERCEDES,pearl white,gasoline,2020,11.34,4,31957.87,1236.28,634.96,781.92,1178.97,215.8543
612,MERCEDES,navy blue,hybrid,2021,5.97,2,33824.71,1361.14,953.27,630.02,1462.16,46.1311
613,BMV,white,electric,2018,0.0,4,26535.2,582.75,907.75,1119.32,1111.35,0.0
614,SEAT,black,electric,2018,0.0,2,35893.14,815.57,757.67,1345.01,1487.47,0.0
615,SEAT,white,gasoline,2015,5.76,2,32389.19,547.55,995.11,720.45,800.1,126.9398
616,MERCEDES,navy blue,electric,2019,0.0,2,25278.69,616.94,1232.09,610.7,1123.49,0.0
617,BMV,black,hybrid,2022,10.64,4,19933.46,860.07,1296.57,1453.91,861.63,36.6409
618,BMV,orange,electric,2025,0.0,2,39871.99,1089.42,795.36,868.04,1021.86,0.0
619,MERCEDES,white,hybrid,2018,10.93,4,17893.97,761.27,655.08,1166.25,1423.45,31.4763
620,MERCEDES,orange,hybrid,2016,5.61,4,32833.15,1182.48,780.25,581.93,798.45,24.1759
621,MERCEDES,orange,electric,2024,0.0,2,24271.31,1062.37,1249.97,1279.67,1403.6,0.0
622,OPEL,white,hybrid,2017,10.21,2,28084.74,918.03,836.25,1375.03,1072.5,20.3663
623,SEAT,black,hybrid,2019,11.68,4,29866.96,1120.34,1385.58,1136.94,1108.86,60.8248
624,BMV,navy blue,electric,2015,0.0,2,22838.0,999.38,585.8,1010.68,511.67,0.0
625,BMV,yellow,gasoline,2015,5.55,4,21052.86,825.68,643.69,855.96,1361.93,183.9954
626,SEAT,navy blue,gasoline,2017,9.16,4,35742.78,903.12,949.38,1484.79,820.31,189.6534
627,OPEL,navy blue,hybrid,2017,5.98,2,31753.94,1481.88,996.53,1247.99,986.28,21.362
628,MERCEDES,black,hybrid,2019,8.77,4,39679.17,1471.97,1477.74,704.61,734.21,26.7309
629,OPEL,black,hybrid,2022,10.21,4,23031.8,1151.07,1038.85,1067.67,1337.29,20.1478
630,SEAT,black,gasoline,2020,9.14,4,19292.94,538.64,1083.26,1255.63,1266.24,134.8392
631,OPEL,pearl white,hybrid,2024,6.17,2,15339.5,1030.2,793.3,1144.53,712.52,62.0117
632,OPEL,yellow,gasoline,2020,6.93,4,16368.65,1126.29,1102.48,1209.4,1435.15,193.2854
633,OPEL,red,hybrid,2020,9.28,4,29921.41,570.61,686.98,550.81,1011.55,40.236
634,SEAT,sky blue,gasoline,2021,5.93,2,37139.89,1301.9,602.52,1047.89,1181.83,176.4622
635,BMV,orange,electric,2024,0.0,4,18545.62,790.76,684.34,625.87,1401.84,0.0
636,SEAT,yellow,electric,2021,0.0,2,34295.76,1436.71,1112.86,1383.29,1059.96,0.0
637,SEAT,orange,electric,2021,0.0,2,17734.25,908.74,1125.71,1408.99,651.85,0.0
638,OPEL,red,electric,2019,0.0,2,37728.87,600.68,1323.02,667.55,1007.33,0.0
639,SEAT,pearl white,hybrid,2020,9.69,2,29167.65,754.83,1428.85,1265.65,865.05,20.7964
640,BMV,pearl white,gasoline,2020,8.66,2,18936.81,517.4,1251.5,861.83,1424.22,153.0282
641,MERCEDES,navy blue,electric,2020,0.0,2,34752.2,731.63,677.14,618.64,1100.93,0.0
642,OPEL,sky blue,gasoline,2019,7.63,4,38101.45,503.14,1005.96,1272.65,1462.52,187.3203
643,MERCEDES,yellow,gasoline,2021,9.1,2,21423.13,1160.42,1177.63,1393.75,732.62,106.6823
644,BMV,orange,hybrid,2017,9.19,2,28784.55,933.93,1449.96,869.98,1402.28,23.5911
645,SEAT,sky blue,hybrid,2020,7.9,4,36837.43,1405.43,750.63,787.54,587.83,68.136
646,BMV,black,hybrid,2023,8.18,4,38078.81,1469.18,1477.12,1265.2,955.55,39.6325
647,OPEL,sky blue,gasoline,2025,9.55,2,34509.47,1003.71,855.92,709.53,945.62,101.2079
648,OPEL,yellow,gasoline,2018,5.37,2,32004.0,1322.29,1474.54,1220.95,715.92,143.2865
649,OPEL,red,hybrid,2017,11.32,4,23796.66,748.28,1392.5,1181.97,940.62,82.0674
650,SEAT,orange,electric,2023,0.0,2,39325.03,828.08,1215.24,698.57,572.96,0.0
651,SEAT,yellow,electric,2020,0.0,4,33396.63,885.87,1469.91,920.02,1219.2,0.0
652,SEAT,black,electric,2018,0.0,2,18823.46,1286.14,1309.52,1087.89,507.21,0.0
653,SEAT,orange,electric,2020,0.0,4,29533.04,1262.46,1018.94,1008.92,836.79,0.0
654,BMV,navy blue,hybrid,2017,11.16,2,20837.21,1297.67,694.07,1423.57,514.05,51.6692
655,MERCEDES,orange,gasoline,2025,8.83,2,31491.24,1297.23,747.57,650.4,788.65,133.9009
656,SEAT,white,gasoline,2018,5.88,4,36830.9,1270.29,1163.77,775.58,825.1,130.9158
657,OPEL,pearl white,gasoline,2024,11.0,4,33838.4,1446.43,690.12,1162.24,719.7,222.5518
658,OPEL,white,gasoline,2023,6.72,4,23503.86,1125.59,1020.16,869.42,1053.83,158.7117
659,MERCEDES,black,electric,2023,0.0,2,20763.61,1435.66,1412.33,1389.94,1318.18,0.0
660,SEAT,black,hybrid,2020,7.97,2,24323.87,988.96,882.85,724.59,1100.43,27.3163
661,MERCEDES,orange,hybrid,2022,8.83,2,35534.77,659.63,693.71,1461.16,1086.51,86.9048
662,SEAT,pearl white,electric,2018,0.0,2,25506.71,1463.02,1429.35,1181.42,662.77,0.0
663,BMV,sky blue,hybrid,2024,8.86,4,27902.92,1423.67,843.4,1027.29,1176.37,20.4126
664,BMV,orange,gasoline,2021,6.27,2,15145.92,1434.94,543.56,993.08,1128.15,143.5109
665,OPEL,pearl white,hybrid,2025,5.27,2,30484.5,1067.71,791.61,1320.65,668.89,56.1501
666,OPEL,black,gasoline,2025,11.26,4,37380.87,1156.32,837.53,1135.86,690.91,155.3249
667,BMV,yellow,hybrid,2017,11.35,2,22623.3,700.02,1355.1,644.15,701.2,30.7571
668,OPEL,white,electric,2022,0.0,2,35544.66,619.66,1216.51,909.1,890.49,0.0
669,SEAT,yellow,gasoline,2016,11.86,4,22678.28,1497.54,859.34,1207.3,932.87,212.8159
670,BMV,sky blue,electric,2018,0.0,2,35885.6,984.06,997.35,1049.77,1418.46,0.0
671,SEAT,yellow,gasoline,2025,5.02,4,29449.89,776.41,1241.6,1248.89,1451.98,100.6101
672,BMV,red,electric,2015,0.0,2,23413.45,1399.09,1183.16,1275.63,767.48,0.0
673,SEAT,orange,electric,2019,0.0,2,22088.63,1096.98,1204.71,942.92,859.61,0.0
674,OPEL,sky blue,gasoline,2017,11.32,4,31098.08,1473.29,647.15,913.31,800.43,185.6947
675,OPEL,black,gasoline,2015,5.06,4,32400.21,514.84,527.18,824.37,1159.24,146.5803
676,OPEL,red,electric,2024,0.0,4,35922.69,1087.73,1340.25,1163.37,721.63,0.0
677,MERCEDES,red,electric,2019,0.0,2,36246.51,625.59,596.59,1170.0,1382.38,0.0
678,BMV,sky blue,gasoline,2016,10.62,2,15083.49,1374.22,1292.39,1235.82,987.54,192.7384
679,SEAT,sky blue,electric,2021,0.0,4,21815.5,1073.65,1274.63,985.88,1397.85,0.0
680,BMV,white,electric,2015,0.0,4,29300.6,517.58,1164.83,1067.45,869.43,0.0
681,BMV,navy blue,electric,2018,0.0,4,32232.5,736.04,1094.5,1370.5,1177.67,0.0
682,OPEL,sky blue,electric,2015,0.0,4,31286.64,521.49,1243.38,1030.9,1488.05,0.0
683,SEAT,orange,gasoline,2017,9.0,4,16979.82,584.82,1131.28,1234.8,1314.26,215.9478
684,OPEL,orange,gasoline,2017,8.22,4,30569.59,1382.45,591.08,677.38,1480.68,141.0817
685,OPEL,red,gasoline,2017,7.85,2,15049.33,554.54,1129.86,769.36,1435.54,222.1972
686,OPEL,white,gasoline,2016,5.23,4,33669.62,1429.67,1124.65,1096.24,1005.48,143.476
687,OPEL,pearl white,electric,2016,0.0,2,26019.91,694.97,521.12,1371.44,1427.57,0.0
688,MERCEDES,white,electric,2024,0.0,4,31345.36,944.68,686.04,1149.4,1014.32,0.0
689,SEAT,white,gasoline,2017,7.86,4,16549.74,1354.55,687.34,540.39,1430.7,211.2012
690,OPEL,navy blue,electric,2020,0.0,4,34558.34,800.32,649.5,1045.14,1357.3,0.0
691,SEAT,white,hybrid,2018,10.47,2,24575.9,1486.77,687.45,1485.59,806.63,84.0481
692,OPEL,red,gasoline,2024,10.15,4,29974.04,918.13,1463.02,1479.96,1112.99,217.3673
693,OPEL,sky blue,hybrid,2025,5.26,4,23372.59,1361.6,1323.1,1028.63,871.43,66.567
694,BMV,orange,electric,2015,0.0,4,23374.47,503.65,744.26,999.23,1005.85,0.0
695,OPEL,orange,hybrid,2016,7.14,2,23638.94,908.58,1381.85,1337.58,773.04,87.8003
696,OPEL,pearl white,electric,2019,0.0,2,28184.22,800.12,587.65,1199.98,606.65,0.0
697,OPEL,sky blue,hybrid,2015,9.39,2,18254.53,652.58,787.52,626.99,614.22,88.2151
698,SEAT,orange,hybrid,2019,10.49,2,26535.63,598.88,855.56,1345.56,1013.02,25.2941
699,OPEL,navy blue,electric,2017,0.0,4,17827.17,515.01,708.94,514.43,1348.12,0.0
700,SEAT,sky blue,gasoline,2023,10.15,4,23553.34,689.2,1068.11,769.49,1485.46,234.9769
701,OPEL,navy blue,gasoline,2015,8.13,2,26659.43,990.54,1028.57,562.96,1474.23,192.3726
702,OPEL,yellow,electric,2018,0.0,2,15568.56,1161.8,1021.75,1019.53,1234.31,0.0
703,MERCEDES,black,hybrid,2016,10.05,2,37815.94,1312.65,570.38,1188.74,689.37,30.7457
704,OPEL,red,gasoline,2025,5.26,2,32405.86,653.94,1380.35,511.14,824.83,175.2343
705,OPEL,white,gasoline,2017,8.01,4,31196.51,560.44,1076.44,1279.23,991.55,206.9795
706,OPEL,sky blue,gasoline,2025,11.88,4,38586.53,945.36,744.16,682.63,712.41,147.5642
707,MERCEDES,pearl white,hybrid,2018,7.75,4,34803.97,1360.22,1419.23,538.73,1305.52,35.0784
708,OPEL,navy blue,electric,2023,0.0,2,32815.93,1133.37,830.43,1024.41,525.83,0.0
709,OPEL,yellow,hybrid,2020,9.36,4,38826.18,716.43,1477.95,1235.75,508.8,43.2168
710,MERCEDES,orange,hybrid,2025,5.92,4,29354.34,960.89,1140.29,1258.4,540.47,53.4121
711,MERCEDES,navy blue,hybrid,2025,5.76,4,20051.28,1322.0,1465.63,768.11,1125.42,45.7278
712,BMV,orange,electric,2025,0.0,2,28332.22,956.36,1087.45,1139.14,1005.77,0.0
713,BMV,black,electric,2022,0.0,2,32584.69,501.21,1375.47,1001.1,1054.7,0.0
714,BMV,black,hybrid,2018,10.83,2,23338.09,538.26,572.31,691.67,1167.88,43.1735
715,BMV,black,gasoline,2019,8.83,2,27230.65,956.01,1406.76,596.26,1413.69,198.6364
716,OPEL,white,gasoline,2015,11.51,4,19605.27,570.14,957.38,816.74,1046.54,178.529
717,OPEL,black,gasoline,2022,7.71,4,33193.47,787.1,1188.08,655.11,903.35,121.2845
718,OPEL,sky blue,gasoline,2024,8.46,2,24336.28,1288.27,664.4,995.38,1115.31,136.9788
719,BMV,orange,electric,2020,0.0,4,21183.2,1217.91,949.35,1414.7,977.56,0.0
720,OPEL,orange,gasoline,2019,6.5,2,22472.21,959.12,1434.69,1291.91,910.6,213.0012
721,OPEL,yellow,electric,2016,0.0,4,34836.1,655.39,886.05,1293.33,1219.58,0.0
722,SEAT,sky blue,gasoline,2024,6.46,4,16600.18,1320.09,577.53,1389.24,1415.99,208.8654
723,BMV,red,electric,2019,0.0,2,24979.43,856.1,1459.74,654.39,1306.39,0.0
724,BMV,white,gasoline,2020,7.74,4,17764.15,992.56,1374.99,1236.08,760.28,153.9166
725,SEAT,yellow,hybrid,2016,7.57,2,18709.29,1348.15,977.83,1073.66,1483.24,41.4813
726,BMV,yellow,electric,2022,0.0,4,36174.3,624.13,1167.54,837.88,1294.52,0.0
727,SEAT,orange,hybrid,2016,10.06,4,20923.16,522.17,1201.86,892.29,784.78,21.0822
728,SEAT,sky blue,electric,2024,0.0,2,37158.54,795.6,986.18,1370.38,674.22,0.0
729,SEAT,navy blue,gasoline,2021,11.69,4,24370.56,1259.98,540.81,505.67,1076.01,124.4943
730,OPEL,navy blue,electric,2024,0.0,2,27931.13,773.44,722.82,892.97,1068.16,0.0
731,MERCEDES,orange,hybrid,2023,6.27,2,33403.46,733.49,537.42,1456.92,637.14,37.2187
732,OPEL,yellow,hybrid,2018,8.23,4,23730.69,1180.3,738.8,1188.05,1187.45,52.7733
733,OPEL,orange,hybrid,2018,11.49,2,16724.74,1315.57,727.38,891.5,1175.38,87.0028
734,SEAT,pearl white,hybrid,2018,10.87,4,39903.73,822.01,931.45,1292.2,1276.92,68.9087
735,SEAT,navy blue,gasoline,2022,6.64,2,38941.94,1329.53,1139.97,890.89,775.97,177.4454
736,BMV,red,electric,2019,0.0,4,15612.1,787.55,997.54,1244.63,664.83,0.0
737,OPEL,white,gasoline,2018,8.38,4,34823.91,562.5,720.13,510.59,950.77,100.9075
738,SEAT,sky blue,gasoline,2022,9.5,2,27402.26,786.45,1443.05,815.72,670.76,239.2385
739,OPEL,navy blue,gasoline,2017,5.88,4,30703.71,970.53,1044.45,1326.24,575.18,130.7583
740,SEAT,yellow,gasoline,2021,5.73,4,26833.28,655.48,648.76,639.78,1406.88,154.3576
741,OPEL,white,electric,2020,0.0,4,38164.66,1018.39,901.62,1368.12,604.55,0.0
742,OPEL,red,electric,2015,0.0,2,18717.99,1438.89,1358.03,1208.69,1074.61,0.0
743,SEAT,black,hybrid,2023,9.39,4,17388.69,1455.36,1291.8,1098.17,863.65,70.6145
744,SEAT,yellow,electric,2016,0.0,4,16324.88,1098.96,695.23,604.41,876.88,0.0
745,MERCEDES,orange,electric,2015,0.0,4,37112.02,742.44,620.56,1207.79,1032.52,0.0
746,OPEL,orange,hybrid,2024,8.31,2,18646.27,1043.49,661.43,725.25,1333.04,58.303
747,SEAT,red,hybrid,2024,5.93,2,25630.93,1126.32,1257.68,1377.14,1241.26,35.2012
748,OPEL,red,gasoline,2022,8.72,2,28557.23,541.18,617.81,967.35,781.07,182.6077
749,BMV,yellow,electric,2018,0.0,4,34667.69,1064.49,844.85,1044.53,984.18,0.0
750,BMV,yellow,gasoline,2019,6.14,2,35671.02,503.1,1315.13,558.01,1073.84,235.018
751,SEAT,sky blue,electric,2022,0.0,4,26267.08,1065.42,946.12,833.67,784.23,0.0
752,BMV,pearl white,electric,2020,0.0,4,36856.85,1499.01,1495.26,709.08,813.75,0.0
753,SEAT,navy blue,electric,2019,0.0,2,37649.78,1148.82,578.69,772.35,1066.67,0.0
754,BMV,sky blue,gasoline,2019,7.26,2,30271.74,1459.46,1408.34,1243.02,1331.89,145.8161
755,BMV,pearl white,hybrid,2020,9.82,4,33109.55,542.67,711.16,1320.93,1303.52,83.2569
756,SEAT,sky blue,electric,2016,0.0,4,17862.39,505.38,830.47,977.17,801.54,0.0
757,OPEL,orange,electric,2023,0.0,2,31246.86,728.68,1347.24,724.79,1171.35,0.0
758,MERCEDES,red,electric,2015,0.0,4,20543.75,1454.55,640.27,1445.64,926.16,0.0
759,SEAT,orange,electric,2015,0.0,4,15720.05,1007.71,1406.97,801.31,542.6,0.0
760,OPEL,red,gasoline,2016,8.39,2,27549.36,1142.53,1253.35,902.41,537.23,239.8644
761,OPEL,pearl white,gasoline,2025,11.69,4,28141.46,580.23,1129.26,1230.36,693.42,144.3128
762,OPEL,sky blue,hybrid,2025,7.26,2,28230.04,1463.15,1078.1,516.14,1456.95,31.7818
763,MERCEDES,white,hybrid,2015,11.16,4,23820.01,763.19,919.61,742.06,503.93,73.6052
764,MERCEDES,navy blue,electric,2019,0.0,2,30779.92,1126.42,806.33,1453.17,1112.74,0.0
765,OPEL,black,hybrid,2021,7.29,4,34558.64,691.64,885.24,715.26,973.96,57.4025
766,BMV,red,gasoline,2017,5.89,4,31046.96,1372.72,1441.49,1156.13,678.55,113.5901
767,OPEL,yellow,electric,2023,0.0,2,20963.29,855.35,1342.45,1173.26,1069.48,0.0
768,OPEL,red,hybrid,2021,10.79,4,35948.33,1464.13,1444.02,927.77,1459.51,22.6258
769,OPEL,sky blue,hybrid,2023,8.5,4,36713.9,1439.38,1396.01,1033.64,1263.93,52.8024
770,SEAT,orange,gasoline,2024,11.9,4,35047.95,875.73,1187.95,729.66,546.15,114.4031
771,SEAT,navy blue,hybrid,2021,10.76,4,25819.61,1094.62,857.68,781.99,1096.36,50.5394
772,OPEL,yellow,gasoline,2024,11.03,4,18043.51,988.33,1259.77,851.45,531.26,122.011
773,OPEL,orange,electric,2025,0.0,4,17751.88,1372.44,1421.85,698.89,1326.46,0.0
774,MERCEDES,yellow,hybrid,2025,11.71,4,33071.87,521.84,904.99,657.21,1109.89,46.7972
775,MERCEDES,red,gasoline,2019,11.04,4,26805.02,889.63,1251.18,841.15,1416.12,110.5186
776,MERCEDES,black,electric,2015,0.0,4,24258.33,516.75,1402.58,1471.16,1330.38,0.0
777,MERCEDES,sky blue,hybrid,2024,10.83,4,15343.37,1359.65,872.63,1219.04,1382.9,42.5606
778,SEAT,pearl white,hybrid,2020,11.93,2,16362.54,642.07,857.76,942.86,718.15,64.2952
779,BMV,black,gasoline,2025,6.09,4,35137.5,532.6,537.25,1338.32,937.87,168.1723
780,OPEL,orange,electric,2021,0.0,2,18720.0,936.78,668.59,1245.21,507.84,0.0
781,MERCEDES,red,hybrid,2016,10.78,2,27972.84,1050.7,923.61,918.19,1048.17,28.5981
782,OPEL,navy blue,gasoline,2023,7.77,4,23076.28,895.33,1046.32,1038.4,516.84,200.6224
783,OPEL,black,hybrid,2017,5.95,2,26925.72,1367.32,903.16,1492.32,1092.72,70.6548
784,OPEL,red,hybrid,2018,8.05,2,18789.09,1009.47,603.49,1212.44,945.07,71.5905
785,MERCEDES,sky blue,electric,2019,0.0,4,25401.11,927.71,803.22,898.22,923.71,0.0
786,MERCEDES,black,electric,2022,0.0,4,16974.3,542.75,845.08,1279.35,1493.49,0.0
787,SEAT,red,hybrid,2015,11.59,4,17062.85,1083.71,1022.53,988.22,929.73,86.1132
788,SEAT,navy blue,hybrid,2019,11.72,2,24418.9,754.16,774.07,623.94,770.12,82.5947
789,SEAT,orange,electric,2018,0.0,4,32520.11,617.02,1447.37,860.71,991.98,0.0
790,SEAT,yellow,gasoline,2015,9.41,2,16100.28,1132.39,1475.32,629.55,1427.73,148.4102
791,BMV,pearl white,gasoline,2019,8.59,2,23807.86,1073.29,609.99,935.47,1410.81,108.346
792,OPEL,orange,hybrid,2017,9.54,4,19361.35,1055.84,688.47,1393.24,602.28,80.4739
793,BMV,orange,electric,2022,0.0,2,33796.6,1299.93,1483.69,512.22,1037.55,0.0
794,MERCEDES,navy blue,gasoline,2018,10.66,4,30103.01,711.59,925.78,1332.3,513.15,207.8646
795,SEAT,sky blue,hybrid,2023,5.85,4,15781.13,1111.2,1439.14,808.35,1327.78,25.1206
796,BMV,red,hybrid,2019,5.84,4,39852.02,550.6,660.24,658.41,676.11,68.2502
797,BMV,red,gasoline,2017,7.34,4,23297.97,1331.03,968.07,1006.98,710.18,170.1564
798,MERCEDES,navy blue,gasoline,2015,6.2,2,37559.16,651.46,938.28,868.76,1179.55,208.5509
799,OPEL,black,gasoline,2024,7.42,4,33448.43,666.45,940.6,561.93,1451.29,228.4375
800,SEAT,yellow,hybrid,2016,10.35,2,23718.89,1367.6,500.89,726.41,1324.46,77.2865
801,SEAT,pearl white,gasoline,2015,11.73,2,22788.83,717.82,790.61,1217.2,843.49,131.6961
802,BMV,black,gasoline,2021,11.4,2,36490.0,1439.02,926.87,1237.56,577.54,236.0762
803,SEAT,orange,hybrid,2025,11.84,2,26803.4,543.43,559.28,1058.83,1412.7,88.4442
804,BMV,pearl white,gasoline,2018,9.08,2,19065.74,742.34,848.27,887.36,724.27,103.4102
805,BMV,white,electric,2020,0.0,2,27666.49,944.0,1312.52,1328.94,845.82,0.0
806,MERCEDES,red,hybrid,2023,5.36,2,33123.7,1386.46,501.36,653.87,902.73,25.8473
807,MERCEDES,yellow,gasoline,2022,5.21,2,17949.45,966.2,1481.36,769.25,1412.0,150.8517
808,MERCEDES,pearl white,hybrid,2020,10.31,2,39434.52,999.07,1309.87,517.09,1284.27,33.0397
809,BMV,black,gasoline,2022,7.97,2,24158.68,1478.8,906.09,1205.8,591.17,212.4212
810,BMV,yellow,gasoline,2019,8.19,4,22900.09,874.74,1071.71,1473.22,691.94,113.4916
811,MERCEDES,yellow,electric,2015,0.0,4,30708.2,1005.7,1429.36,1109.65,731.58,0.0
812,BMV,yellow,hybrid,2023,7.29,2,18365.69,1137.27,1476.72,1122.97,1356.46,64.0685
813,SEAT,sky blue,electric,2020,0.0,4,17034.31,1110.65,1044.31,1254.37,780.7,0.0
814,SEAT,pearl white,gasoline,2023,6.42,2,22600.63,786.97,1056.15,933.62,1119.33,161.441
815,SEAT,yellow,hybrid,2021,7.78,2,17863.65,856.44,1100.37,1364.98,1325.61,66.93
816,OPEL,white,gasoline,2022,7.48,4,31523.03,1458.8,1420.59,1440.04,1040.62,229.1648
817,BMV,orange,hybrid,2025,8.06,2,15678.53,708.15,1371.02,976.38,1102.92,80.0836
818,BMV,white,hybrid,2016,9.5,2,18247.11,1182.17,827.8,709.57,728.06,71.1272
819,SEAT,sky blue,electric,2023,0.0,4,34950.94,542.37,1156.09,1323.97,986.33,0.0
820,OPEL,white,hybrid,2015,9.65,4,21042.14,1387.09,926.09,961.11,942.88,47.9962
821,BMV,navy blue,hybrid,2017,7.68,2,39527.06,1494.2,605.15,593.02,1258.93,86.3382
822,OPEL,sky blue,gasoline,2016,5.09,2,17717.66,1057.13,547.83,1181.79,1027.0,194.0937
823,BMV,pearl white,gasoline,2024,8.89,2,21288.01,502.36,1271.68,526.95,867.49,140.0648
824,MERCEDES,orange,hybrid,2020,10.23,2,39341.43,1068.24,1430.61,1192.89,737.85,76.1594
825,SEAT,white,hybrid,2025,11.38,4,32834.57,1445.08,1368.79,541.36,804.79,29.237
826,MERCEDES,navy blue,gasoline,2020,5.36,2,21473.39,1028.03,1115.52,829.26,599.35,115.4681
827,SEAT,sky blue,hybrid,2024,9.81,4,29106.55,763.39,868.2,703.45,726.89,77.9943
828,OPEL,white,gasoline,2019,10.25,4,30780.32,1070.8,700.22,536.15,808.55,233.496
829,BMV,sky blue,hybrid,2016,8.61,4,39059.66,949.13,1228.9,702.38,956.31,72.8465
830,BMV,red,hybrid,2017,5.64,4,19737.89,1270.61,866.49,1098.45,586.11,36.3092
831,OPEL,navy blue,electric,2022,0.0,4,23072.31,1495.04,1233.97,995.7,1127.76,0.0
832,MERCEDES,red,hybrid,2022,11.66,4,29230.29,1319.67,892.87,1419.12,1184.94,62.8469
833,MERCEDES,white,gasoline,2018,9.54,4,32375.31,780.74,1275.82,833.35,628.39,122.9284
834,BMV,red,electric,2023,0.0,2,20153.81,1465.8,863.01,567.92,1263.7,0.0
835,BMV,pearl white,hybrid,2021,5.82,2,15046.95,1088.27,914.13,1221.52,1033.2,53.47
836,OPEL,sky blue,hybrid,2018,11.82,2,23085.82,1369.41,926.37,893.01,1290.42,74.2283
837,BMV,red,electric,2019,0.0,4,22947.36,1121.34,1170.93,1229.22,502.27,0.0
838,OPEL,pearl white,hybrid,2025,9.68,2,35843.68,838.48,591.31,648.22,1415.01,61.538
839,SEAT,black,electric,2019,0.0,4,27552.73,1084.39,506.92,635.72,1155.87,0.0
840,BMV,orange,electric,2021,0.0,4,28889.27,684.63,1312.07,756.09,1099.69,0.0
841,SEAT,red,hybrid,2021,11.01,2,34173.66,905.0,1058.66,567.68,594.64,57.368
842,BMV,red,hybrid,2018,5.29,2,35403.52,578.48,1152.82,1339.31,1451.59,22.7052
843,BMV,white,gasoline,2025,9.1,2,31546.16,965.78,1153.63,681.16,846.44,196.0434
844,SEAT,navy blue,hybrid,2017,5.19,2,31281.89,1271.37,645.6,608.26,1039.35,35.8619
845,MERCEDES,red,electric,2020,0.0,4,35404.07,527.95,1291.64,1247.28,733.43,0.0
846,OPEL,pearl white,electric,2023,0.0,4,28478.03,1347.33,658.91,861.04,1220.14,0.0
847,BMV,navy blue,electric,2020,0.0,2,34160.53,1369.09,1338.42,986.9,1450.71,0.0
848,SEAT,white,gasoline,2016,8.11,2,22896.21,1229.24,1269.84,1478.95,930.57,116.0141
849,MERCEDES,navy blue,electric,2015,0.0,2,28590.53,711.18,1475.3,827.45,1026.71,0.0
850,BMV,sky blue,gasoline,2023,7.73,2,35309.57,777.27,539.46,1340.38,876.26,182.9354
851,OPEL,pearl white,electric,2016,0.0,2,30825.04,1084.32,1140.83,950.86,1141.74,0.0
852,SEAT,white,hybrid,2023,8.19,2,19703.69,915.58,1276.24,781.11,889.26,37.4899
853,MERCEDES,sky blue,gasoline,2015,6.37,2,32793.95,1276.85,972.35,1196.65,958.12,182.2867
854,MERCEDES,navy blue,electric,2022,0.0,4,36857.64,1022.28,1247.7,890.79,1419.63,0.0
855,MERCEDES,navy blue,gasoline,2018,10.92,4,26134.73,1186.57,745.7,1392.81,870.18,207.0338
856,MERCEDES,red,hybrid,2021,7.96,2,34766.83,1105.46,508.15,884.09,1267.69,28.6815
857,BMV,yellow,hybrid,2019,9.51,2,36263.7,1300.01,520.47,1467.09,746.82,89.3669
858,BMV,white,hybrid,2022,7.21,4,38207.16,1256.56,1122.38,710.84,1468.17,20.1779
859,MERCEDES,pearl white,hybrid,2016,9.41,2,38824.33,977.35,533.63,1202.59,524.21,31.7208
860,BMV,navy blue,hybrid,2025,8.87,4,37249.13,1253.87,737.21,642.23,690.12,50.5615
861,MERCEDES,black,gasoline,2020,5.13,2,31746.73,847.74,1034.64,1494.2,898.34,166.5915
862,MERCEDES,white,electric,2020,0.0,4,23603.2,1387.54,1406.95,1063.17,656.81,0.0
863,OPEL,sky blue,electric,2023,0.0,4,18520.18,1130.78,1259.79,1175.61,550.35,0.0
864,OPEL,orange,hybrid,2017,9.01,4,17394.65,979.99,1319.73,1379.58,1396.94,75.8737
865,OPEL,navy blue,gasoline,2018,8.3,4,36429.48,520.29,1085.75,585.14,1086.09,120.2319
866,BMV,red,electric,2017,0.0,4,39532.72,800.37,1077.77,1285.71,526.62,0.0
867,OPEL,navy blue,hybrid,2018,9.25,4,39159.92,629.46,1078.75,701.98,835.43,41.331
868,MERCEDES,navy blue,hybrid,2025,7.24,4,16093.01,1193.2,1287.92,1266.37,1304.12,89.444
869,BMV,navy blue,gasoline,2024,8.72,2,31452.73,971.96,1124.65,1254.48,601.51,172.2982
870,BMV,pearl white,hybrid,2016,8.32,2,31169.05,1247.37,1443.67,533.38,1140.17,22.1037
871,OPEL,navy blue,gasoline,2017,11.23,2,38690.66,706.24,772.4,876.58,1269.86,116.3611
872,BMV,navy blue,electric,2017,0.0,2,26658.08,1326.77,1372.44,832.22,1147.83,0.0
873,SEAT,navy blue,hybrid,2021,5.8,4,25715.44,814.44,1300.39,1168.96,1393.78,53.7025
874,SEAT,orange,hybrid,2019,9.53,4,19470.75,920.4,1251.92,1199.77,825.72,24.6157
875,MERCEDES,orange,gasoline,2021,6.35,2,34165.74,986.05,1204.46,514.0,533.57,140.0037
876,OPEL,sky blue,gasoline,2020,8.44,2,31597.7,534.37,586.03,1122.87,994.35,172.5648
877,SEAT,sky blue,electric,2023,0.0,2,34121.08,1402.74,1006.71,801.94,1305.11,0.0
878,MERCEDES,pearl white,gasoline,2020,10.56,4,37024.27,1107.21,903.36,1025.6,974.29,199.3549
879,BMV,sky blue,hybrid,2021,9.05,2,23685.44,1277.17,524.43,884.48,679.84,63.5316
880,OPEL,red,hybrid,2025,6.75,4,27652.32,1456.8,818.23,740.74,978.21,57.0299
881,MERCEDES,yellow,hybrid,2023,8.99,2,39019.76,609.37,1236.2,1245.12,1394.38,25.1891
882,MERCEDES,white,gasoline,2015,9.47,2,27248.97,1160.31,1279.84,930.11,580.68,166.3192
883,OPEL,orange,hybrid,2020,5.8,2,31437.41,1042.37,1155.43,1494.88,749.77,28.5313
884,OPEL,pearl white,gasoline,2016,11.3,2,33733.54,1350.77,795.21,1071.58,1052.68,154.5575
885,MERCEDES,sky blue,gasoline,2019,10.88,2,17091.55,1168.69,524.94,1119.74,671.91,198.0935
886,MERCEDES,sky blue,gasoline,2016,7.02,2,34528.98,766.76,1440.22,1242.7,1405.55,234.9028
887,SEAT,navy blue,electric,2019,0.0,4,33807.1,641.34,1255.51,1265.45,1180.37,0.0
888,SEAT,white,hybrid,2017,11.95,4,21200.72,1407.66,1209.3,844.91,1128.76,77.3864
889,SEAT,white,hybrid,2024,9.12,2,17346.66,938.08,1060.58,1485.96,1066.27,32.7338
890,MERCEDES,black,hybrid,2025,5.88,2,17861.64,1354.31,860.83,1066.08,1245.54,29.9753
891,OPEL,white,hybrid,2018,7.03,2,16712.3,1207.58,1275.45,612.2,586.79,37.184
892,OPEL,red,hybrid,2023,5.56,2,29538.68,924.49,908.75,1090.01,1204.28,24.4917
893,OPEL,sky blue,electric,2017,0.0,2,29550.51,1212.56,505.06,1197.78,1417.35,0.0
894,OPEL,white,hybrid,2019,7.23,2,15602.59,1490.26,860.9,641.8,505.16,82.807
895,SEAT,pearl white,gasoline,2018,10.74,2,15355.41,1296.39,1432.76,684.08,1474.92,170.4844
896,SEAT,sky blue,gasoline,2021,11.15,4,33645.25,931.35,1423.35,1243.53,640.01,144.017
897,BMV,white,gasoline,2021,6.8,2,19538.59,522.76,781.55,877.99,812.6,215.3614
898,MERCEDES,yellow,electric,2022,0.0,2,31297.17,747.67,1234.28,679.56,1298.54,0.0
899,BMV,orange,gasoline,2020,8.42,4,36062.17,1056.58,1223.3,1340.38,648.59,128.4436
900,MERCEDES,sky blue,hybrid,2024,8.71,2,21745.67,951.84,619.74,982.01,541.79,85.7802
901,OPEL,yellow,electric,2022,0.0,4,23965.25,1153.96,1075.08,1392.13,1158.57,0.0
902,MERCEDES,pearl white,gasoline,2021,6.21,4,27642.69,1302.89,1179.57,1165.18,1340.36,210.2719
903,BMV,navy blue,hybrid,2023,9.73,4,34049.65,536.32,1016.53,1416.4,1098.68,47.1048
904,SEAT,orange,electric,2021,0.0,2,28610.43,1309.74,655.85,580.68,915.15,0.0
905,OPEL,yellow,electric,2022,0.0,4,28700.57,692.81,603.8,1243.24,1009.78,0.0
906,MERCEDES,orange,hybrid,2019,8.87,4,28296.35,1438.66,1425.04,1451.22,1326.69,55.1315
907,SEAT,white,gasoline,2017,11.45,2,34854.26,1069.17,1482.96,1106.3,1375.73,159.0574
908,OPEL,black,gasoline,2022,6.5,4,22641.42,1417.28,803.05,1349.51,503.05,162.7429
909,OPEL,red,hybrid,2024,10.59,4,16492.45,973.54,1209.29,648.63,695.08,47.3979
910,SEAT,white,hybrid,2018,11.52,2,22678.19,1203.84,1316.23,670.68,562.1,20.4656
911,OPEL,red,hybrid,2023,6.15,4,29734.86,1067.08,697.11,885.38,772.08,25.0457
912,OPEL,black,electric,2021,0.0,2,16452.49,928.11,1319.02,1322.84,1291.17,0.0
913,SEAT,black,hybrid,2015,8.91,4,30201.27,838.09,1488.76,1316.38,662.97,31.274
914,MERCEDES,white,gasoline,2023,8.69,2,17216.61,1205.86,1384.49,916.01,670.95,209.9886
915,BMV,red,gasoline,2016,11.72,4,31455.55,552.57,1215.3,828.03,1268.37,150.723
916,MERCEDES,sky blue,hybrid,2015,10.5,4,22324.95,632.63,1165.58,1079.98,1166.22,37.6914
917,OPEL,sky blue,hybrid,2023,8.1,2,37745.86,1207.85,642.61,783.93,1325.89,57.7069
918,BMV,white,electric,2021,0.0,4,22829.31,1192.61,814.94,1023.9,1051.85,0.0
919,MERCEDES,navy blue,gasoline,2019,6.73,2,29582.67,841.83,969.53,1196.07,804.58,170.0702
920,MERCEDES,orange,electric,2017,0.0,4,17260.1,770.93,1331.87,507.12,852.73,0.0
921,MERCEDES,black,hybrid,2019,6.76,2,33331.51,1095.11,976.78,1337.21,862.66,74.989
922,SEAT,red,gasoline,2017,9.43,2,24114.18,1095.19,1217.62,956.94,1297.21,105.1142
923,BMV,black,hybrid,2021,5.29,4,32180.72,673.12,692.92,1103.91,1125.09,77.0574
924,OPEL,navy blue,gasoline,2018,8.52,2,18043.78,888.3,956.03,651.07,1178.29,121.8617
925,SEAT,red,hybrid,2019,7.76,2,34407.53,1033.79,1384.95,1016.35,976.65,60.6509
926,SEAT,pearl white,electric,2017,0.0,4,15573.09,1021.47,764.45,1436.79,662.76,0.0
927,SEAT,pearl white,gasoline,2022,11.73,4,16711.3,639.63,628.92,1232.59,796.8,218.1392
928,MERCEDES,navy blue,gasoline,2015,7.69,4,16521.78,762.04,1242.13,558.28,834.31,121.3211
929,OPEL,red,electric,2016,0.0,2,21648.43,621.55,770.37,1435.52,785.51,0.0
930,MERCEDES,white,hybrid,2017,11.71,2,37483.29,1061.51,518.5,1105.4,648.43,86.3772
931,OPEL,red,gasoline,2019,7.1,4,26008.58,1291.58,948.33,1420.14,1248.36,160.5815
932,BMV,white,hybrid,2019,10.57,2,16510.66,1180.05,934.35,1010.33,898.89,62.0576
933,OPEL,navy blue,electric,2024,0.0,4,35619.93,648.6,1174.62,896.35,613.77,0.0
934,SEAT,red,electric,2022,0.0,2,32027.31,1320.58,1002.01,1441.56,1364.17,0.0
935,OPEL,sky blue,electric,2021,0.0,2,36025.8,883.71,1499.08,731.09,842.63,0.0
936,BMV,sky blue,hybrid,2015,6.07,4,32830.99,1153.44,805.95,647.45,533.27,75.6187
937,SEAT,yellow,gasoline,2020,5.63,2,30651.15,673.9,1229.1,1205.71,1314.43,152.7745
938,OPEL,black,electric,2020,0.0,4,18969.42,1065.36,901.37,921.43,1024.41,0.0
939,OPEL,black,electric,2018,0.0,4,15369.24,1338.6,1488.53,1065.51,1320.48,0.0
940,BMV,sky blue,electric,2020,0.0,4,17483.46,902.72,1485.46,897.04,1257.09,0.0
941,SEAT,yellow,hybrid,2016,8.1,2,18487.16,1015.08,830.61,1265.27,1075.11,88.4755
942,OPEL,orange,electric,2025,0.0,4,28366.78,1073.49,1443.16,559.56,992.83,0.0
943,BMV,pearl white,electric,2015,0.0,4,38180.48,1459.57,630.58,1328.34,642.28,0.0
944,BMV,orange,gasoline,2025,7.08,4,35114.85,836.64,979.4,1469.24,1252.1,125.0011
945,SEAT,yellow,electric,2023,0.0,4,24394.69,859.42,1014.45,1310.97,1155.32,0.0
946,OPEL,navy blue,hybrid,2018,6.6,4,16869.22,1304.71,777.73,871.77,643.89,82.5998
947,BMV,black,gasoline,2020,10.49,2,15555.83,1299.98,767.35,1031.76,742.18,116.5526
948,OPEL,navy blue,electric,2020,0.0,2,31096.99,1121.49,820.49,638.45,551.57,0.0
949,SEAT,white,gasoline,2019,10.59,2,35513.21,1144.16,1309.01,1495.93,1271.66,195.5851
950,OPEL,white,gasoline,2024,8.55,2,22460.1,641.83,888.53,756.51,1346.77,199.5114
951,SEAT,navy blue,electric,2023,0.0,2,24415.22,1467.65,1370.82,1127.97,1155.61,0.0
952,OPEL,white,electric,2015,0.0,4,25443.24,832.52,801.78,587.89,991.72,0.0
953,SEAT,red,hybrid,2020,10.9,2,25956.67,692.21,1183.01,668.63,791.57,47.4752
954,OPEL,white,hybrid,2023,5.3,4,35392.67,919.75,1494.0,840.37,876.92,86.2702
955,SEAT,yellow,electric,2021,0.0,2,35715.05,843.92,1375.76,1493.36,1004.42,0.0
956,MERCEDES,pearl white,hybrid,2025,8.04,2,36139.91,1362.22,1264.74,1102.13,1388.12,58.4892
957,SEAT,red,electric,2021,0.0,2,17654.22,768.68,913.58,1114.94,1440.76,0.0
958,OPEL,black,electric,2023,0.0,2,37606.94,1151.52,529.95,1368.79,945.3,0.0
959,BMV,orange,hybrid,2025,5.85,2,33546.61,1265.85,554.85,1461.56,1174.24,75.3232
960,BMV,pearl white,electric,2023,0.0,4,20398.83,535.1,1329.95,1068.4,1342.75,0.0
961,OPEL,yellow,hybrid,2024,11.22,4,26816.91,572.86,1124.9,928.0,557.94,33.9871
962,BMV,orange,hybrid,2015,5.93,2,34547.92,599.99,1354.69,708.09,1171.24,59.562
963,BMV,navy blue,gasoline,2018,6.67,2,39545.41,788.39,949.43,552.68,1372.93,137.421
964,BMV,sky blue,electric,2016,0.0,2,37346.29,1058.11,975.17,568.09,1224.34,0.0
965,MERCEDES,red,hybrid,2022,7.48,4,18926.83,889.24,1228.97,1157.7,1288.11,84.622
966,BMV,red,electric,2020,0.0,2,30697.45,713.42,590.53,899.57,1052.81,0.0
967,BMV,white,electric,2025,0.0,4,39492.12,1113.44,641.03,619.94,1301.56,0.0
968,OPEL,black,hybrid,2023,5.9,2,33616.83,970.05,1280.7,1444.69,761.02,28.6875
969,OPEL,pearl white,electric,2021,0.0,2,38679.35,1044.26,593.8,724.2,1080.22,0.0
970,OPEL,navy blue,gasoline,2022,7.76,4,39493.76,553.84,644.74,966.36,737.3,160.4017
971,BMV,black,electric,2017,0.0,4,16959.04,876.52,1378.93,1045.91,987.67,0.0
972,MERCEDES,white,hybrid,2016,6.84,4,30104.91,1074.98,505.49,1057.08,872.62,86.9119
973,SEAT,orange,hybrid,2022,9.65,4,33814.93,1484.3,896.26,838.65,574.83,49.8651
974,SEAT,orange,gasoline,2023,11.23,2,24408.74,1450.29,633.21,1259.63,523.99,173.8917
975,SEAT,yellow,gasoline,2022,11.16,2,24982.93,902.5,861.91,1239.2,1169.66,160.4828
976,MERCEDES,navy blue,gasoline,2015,10.42,4,19880.66,1064.24,717.37,558.96,1079.66,131.541
977,MERCEDES,sky blue,hybrid,2021,5.83,2,33938.79,1181.42,501.35,1069.37,1107.63,32.4027
978,BMV,black,hybrid,2019,6.68,4,23493.69,1230.02,1161.83,870.54,649.77,25.6355
979,SEAT,pearl white,gasoline,2021,5.42,2,30087.58,733.96,780.16,1363.15,1365.76,174.3098
980,BMV,pearl white,gasoline,2018,8.16,4,20274.97,1234.66,1176.28,1306.11,669.67,193.3064
981,MERCEDES,white,electric,2019,0.0,2,23690.94,1276.3,1323.43,736.46,1329.7,0.0
982,SEAT,black,electric,2023,0.0,4,30690.69,509.72,1346.76,684.43,1228.34,0.0
983,MERCEDES,sky blue,gasoline,2020,7.41,4,31263.6,1331.58,1435.67,604.24,624.2,188.4417
984,OPEL,pearl white,gasoline,2017,6.3,4,32994.47,532.95,1324.71,1017.67,794.27,151.9278
985,OPEL,black,gasoline,2020,8.71,4,20213.02,976.15,1232.63,1026.15,1456.28,143.0144
986,MERCEDES,black,hybrid,2017,9.71,2,24260.94,576.4,502.82,1090.14,1197.48,20.6746
987,MERCEDES,black,gasoline,2024,5.02,2,25840.13,1425.31,1324.21,824.22,1390.35,122.6098
988,OPEL,black,electric,2017,0.0,2,33227.42,1319.45,1104.01,848.08,1350.66,0.0
989,OPEL,sky blue,hybrid,2022,6.19,4,24841.4,1070.35,1496.86,1361.31,572.87,33.967
990,MERCEDES,white,gasoline,2015,11.27,4,29057.76,948.94,1398.31,1106.89,866.13,229.1765
991,OPEL,sky blue,electric,2021,0.0,2,24870.5,1315.53,1310.31,832.92,753.43,0.0
992,BMV,white,hybrid,2022,8.42,4,36934.43,798.67,1248.83,847.48,928.92,64.6197
993,OPEL,pearl white,hybrid,2022,8.83,4,34531.84,520.95,1019.86,755.83,1040.18,67.2965
994,MERCEDES,sky blue,hybrid,2019,10.15,4,29035.69,1241.76,1295.83,1026.14,531.74,34.5277
995,SEAT,red,hybrid,2021,8.86,4,34477.29,531.47,903.49,1433.03,1478.21,22.1447
996,MERCEDES,navy blue,electric,2021,0.0,4,22569.8,661.6,511.72,567.0,1449.57,0.0
997,SEAT,sky blue,hybrid,2023,5.58,2,33775.47,1379.25,1048.94,1304.88,703.05,80.3311
998,BMV,white,hybrid,2023,9.21,4,22605.02,864.62,671.25,1318.97,1001.98,65.2033
999,SEAT,red,gasoline,2022,5.83,4,29453.86,885.56,575.11,882.64,797.09,216.035
1000,BMV,black,gasoline,2019,8.38,4,15726.62,1457.62,573.87,1310.34,1279.71,230.7853
