manufacturer,color,fuel_type,year,consumptionliters,doors,base_price,gps_price,sport_package_price,safety_package_price,cylinders,CO_Emissions
MERCEDES,orange,hybrid,2025,5.52,2,38691.47,1058.86,736.95,517.58,6,20.6814
OPEL,yellow,electric,2021,0.0,4,27591.35,585.38,680.65,757.57,5,0.0
MERCEDES,navy blue,hybrid,2025,6.43,4,20673.93,823.68,855.47,553.27,8,72.3166
SEAT,white,gasoline,2024,9.67,4,34159.37,983.06,1387.56,718.83,12,178.708
SEAT,yellow,gasoline,2017,11.14,4,18354.9,580.85,1418.54,982.32,13,206.7487
SEAT,orange,electric,2019,0.0,2,23257.44,1154.14,1338.06,1303.53,5,0.0
BMV,white,electric,2023,0.0,4,22156.08,1179.77,975.38,846.06,5,0.0
BMV,pearl white,hybrid,2022,5.1,4,32783.72,1461.75,660.96,1323.08,7,57.2668
BMV,navy blue,electric,2022,0.0,4,37626.14,667.25,560.26,782.86,5,0.0
OPEL,yellow,electric,2019,0.0,2,33272.76,553.78,1233.83,656.81,5,0.0
MERCEDES,sky blue,electric,2023,0.0,4,21728.74,1328.08,1283.06,1053.82,5,0.0
MERCEDES,navy blue,electric,2024,0.0,2,23268.16,545.02,1132.59,1298.51,5,0.0
BMV,navy blue,gasoline,2016,7.18,4,29323.04,1206.6,1065.42,798.88,11,136.6496
SEAT,pearl white,electric,2021,0.0,2,36201.65,1273.29,1069.41,1317.79,5,0.0
SEAT,red,hybrid,2021,6.65,4,30895.14,650.47,1230.37,1002.02,9,89.5008
SEAT,orange,gasoline,2014,11.44,4,33803.72,1301.69,1297.34,1271.23,13,228.7255
BMV,orange,hybrid,2019,6.15,4,37334.66,574.09,1431.74,1455.7,9,88.2349
OPEL,sky blue,hybrid,2024,6.07,4,31307.09,1297.17,799.32,1323.17,8,71.2784
MERCEDES,pearl white,hybrid,2023,6.55,2,19829.38,1147.68,738.74,540.06,8,69.6803
MERCEDES,navy blue,hybrid,2020,6.73,4,16752.94,1238.17,1016.98,1319.18,9,88.5429
BMV,orange,electric,2025,0.0,2,21810.33,966.71,994.06,637.58,5,0.0
OPEL,sky blue,electric,2019,0.0,4,15223.2,943.7,881.73,556.09,5,0.0
SEAT,white,gasoline,2010,9.59,4,38932.2,783.34,1481.2,773.7,13,210.8459
SEAT,sky blue,electric,2025,0.0,2,30778.19,695.1,1425.68,1131.1,5,0.0
MERCEDES,orange,electric,2023,0.0,4,18206.95,603.95,744.48,1424.97,5,0.0
OPEL,black,gasoline,2012,7.91,4,37906.14,1224.02,643.89,784.06,13,232.3511
SEAT,navy blue,gasoline,2011,9.07,2,35289.98,1291.44,620.3,1236.71,13,222.8975
OPEL,sky blue,hybrid,2022,6.93,4,33005.55,537.28,944.92,893.0,9,85.566
SEAT,black,gasoline,2023,11.88,2,22650.66,1289.89,1378.96,558.53,12,193.2844
OPEL,black,hybrid,2025,6.35,4,32454.52,1204.46,630.43,1229.72,8,68.5553
MERCEDES,pearl white,gasoline,2015,7.02,2,32569.32,1306.63,1485.55,800.07,11,138.1594
OPEL,pearl white,hybrid,2023,5.23,2,18126.72,1195.11,1248.27,725.83,6,27.1138
BMV,sky blue,gasoline,2018,11.71,4,21003.89,1216.83,1434.88,1311.32,13,218.1948
OPEL,yellow,gasoline,2015,11.23,2,17171.37,1429.53,1254.44,683.0,13,230.5729
BMV,red,hybrid,2020,5.36,4,26506.01,551.86,640.22,1082.68,7,49.0102
BMV,yellow,electric,2019,0.0,4,26372.0,1117.95,618.86,630.28,5,0.0
OPEL,white,gasoline,2017,10.79,2,32717.43,609.91,1319.26,1060.3,13,210.3804
BMV,white,hybrid,2025,5.55,4,19542.94,807.69,1437.05,1177.89,6,28.744
OPEL,sky blue,hybrid,2020,6.07,2,28566.92,1093.64,1499.26,1013.01,9,85.5704
BMV,navy blue,gasoline,2025,8.26,2,26531.21,719.53,986.66,573.92,12,179.9094
OPEL,white,gasoline,2010,10.54,4,24298.48,744.95,872.45,1312.66,13,217.0911
OPEL,navy blue,gasoline,2022,10.98,2,19354.56,737.12,1326.04,1039.26,13,213.1523
SEAT,yellow,electric,2023,0.0,4,15667.2,1293.95,1276.07,1219.86,5,0.0
OPEL,yellow,electric,2019,0.0,4,23702.49,1466.73,1020.54,609.32,5,0.0
SEAT,white,hybrid,2024,6.57,4,35169.27,682.96,823.27,1036.72,8,67.8863
BMV,black,hybrid,2020,5.76,4,20334.31,869.13,1007.83,1075.71,7,45.2299
BMV,pearl white,hybrid,2022,6.45,2,33752.24,838.97,779.81,662.91,9,83.4387
BMV,navy blue,hybrid,2024,6.08,2,32055.32,987.28,1000.33,1391.09,8,71.393
MERCEDES,pearl white,electric,2020,0.0,4,16955.43,1043.93,1475.12,1288.39,5,0.0
BMV,red,gasoline,2014,9.76,4,39697.96,1181.66,1112.99,1075.63,13,206.3572
MERCEDES,yellow,electric,2022,0.0,2,15127.25,963.99,1427.05,559.39,5,0.0
BMV,sky blue,gasoline,2021,8.61,4,19155.54,795.55,1420.4,1184.36,13,229.8862
OPEL,white,electric,2023,0.0,2,16055.65,865.41,1456.06,811.7,5,0.0
SEAT,yellow,hybrid,2021,5.24,2,30051.98,1493.22,768.02,1340.18,7,47.1274
MERCEDES,sky blue,gasoline,2024,11.75,4,26682.79,1217.54,982.93,1319.52,12,192.7664
MERCEDES,black,hybrid,2023,6.08,2,35813.18,784.42,1001.71,659.19,8,75.5281
SEAT,black,gasoline,2010,8.85,4,38211.97,531.63,669.6,831.22,13,221.7933
MERCEDES,sky blue,gasoline,2021,11.46,4,24651.6,1276.09,966.83,646.95,13,225.6311
MERCEDES,navy blue,hybrid,2024,6.92,4,15179.79,1304.76,1358.21,1354.93,8,70.9695
BMV,orange,hybrid,2024,6.63,2,31671.09,1490.1,966.12,716.58,8,67.3047
SEAT,navy blue,electric,2022,0.0,2,19880.56,832.77,888.68,879.89,5,0.0
BMV,pearl white,electric,2019,0.0,2,27433.44,786.96,1061.67,1194.27,5,0.0
OPEL,black,hybrid,2024,6.04,2,26043.37,1368.3,840.66,1430.19,8,71.8869
BMV,sky blue,gasoline,2017,7.87,2,27178.12,1472.83,1008.21,879.14,13,214.5729
SEAT,black,gasoline,2018,9.5,4,18850.65,1148.56,1090.66,692.98,13,235.3285
MERCEDES,black,gasoline,2012,7.64,2,31207.15,972.66,807.04,850.78,13,211.3164
MERCEDES,sky blue,electric,2022,0.0,4,15412.73,1131.32,519.31,876.24,5,0.0
OPEL,orange,electric,2019,0.0,2,33184.35,675.33,1143.23,1231.35,5,0.0
MERCEDES,red,hybrid,2025,5.6,4,33098.02,1478.06,989.49,1067.96,6,28.075
BMV,white,electric,2024,0.0,4,22658.38,1137.4,1218.45,1427.37,5,0.0
SEAT,white,hybrid,2022,5.11,2,26125.04,1220.96,925.37,1035.55,7,57.6697
OPEL,orange,gasoline,2013,9.47,2,30798.81,770.92,572.79,988.15,13,224.1834
OPEL,yellow,electric,2020,0.0,2,21576.53,1131.09,1164.91,1426.28,5,0.0
BMV,orange,electric,2024,0.0,2,33891.85,1247.59,1124.38,1352.04,5,0.0
OPEL,pearl white,gasoline,2017,11.6,4,18667.3,909.75,1461.18,1252.8,13,206.4498
OPEL,yellow,gasoline,2017,7.96,4,28828.91,1061.83,1026.94,1191.86,13,218.4193
OPEL,red,hybrid,2021,5.88,2,37351.85,921.38,1063.12,786.83,7,56.4656
OPEL,yellow,hybrid,2019,5.29,2,20387.44,864.45,1146.18,1179.14,7,48.1832
MERCEDES,orange,gasoline,2023,8.11,2,30761.09,758.03,1414.07,1473.76,12,198.2272
MERCEDES,black,gasoline,2018,8.08,2,39676.74,795.21,583.65,1042.73,13,218.229
OPEL,red,electric,2022,0.0,4,18713.01,1280.7,1230.0,526.11,5,0.0
BMV,sky blue,gasoline,2014,7.62,2,31646.15,1461.97,1105.32,865.67,13,220.007
BMV,red,gasoline,2010,7.01,2,20788.96,751.11,1060.1,1206.58,11,146.1088
SEAT,sky blue,gasoline,2015,7.85,2,29288.57,557.79,1205.52,1409.1,13,207.8178
OPEL,navy blue,gasoline,2022,7.81,4,35363.02,1265.53,1416.93,1115.15,13,222.4874
MERCEDES,orange,gasoline,2013,10.61,2,15429.33,612.58,860.07,823.82,13,231.272
BMV,yellow,gasoline,2023,7.78,2,17318.73,1230.3,1314.4,831.37,12,188.8989
BMV,red,electric,2019,0.0,4,23170.46,648.43,753.08,1003.72,5,0.0
SEAT,pearl white,electric,2024,0.0,2,34130.35,551.05,1132.56,1459.14,5,0.0
SEAT,pearl white,gasoline,2017,11.14,4,17583.15,779.77,1464.44,610.38,13,231.1765
OPEL,yellow,gasoline,2019,8.92,4,33377.05,665.83,706.82,508.78,13,224.2527
OPEL,pearl white,hybrid,2023,5.85,2,37186.58,1229.28,1157.5,1160.37,6,20.1353
SEAT,yellow,gasoline,2012,11.33,4,24797.9,1279.66,1153.71,1478.42,13,222.7034
OPEL,white,hybrid,2023,6.32,4,30946.94,1049.74,1412.49,1181.24,8,77.9592
OPEL,yellow,electric,2025,0.0,2,39578.32,886.6,1097.81,976.33,5,0.0
MERCEDES,sky blue,hybrid,2025,5.78,2,15519.61,1275.51,1333.32,800.56,6,37.447
SEAT,red,hybrid,2021,6.05,2,31651.52,797.59,547.11,1255.47,9,89.8509
MERCEDES,pearl white,hybrid,2025,5.38,4,35604.68,1462.11,1145.0,935.44,6,37.545
OPEL,orange,electric,2022,0.0,2,30045.29,601.88,1062.38,932.14,5,0.0
OPEL,orange,gasoline,2016,9.89,4,39120.55,971.76,767.29,1235.83,13,225.4943
OPEL,red,hybrid,2025,5.01,4,20025.27,593.72,980.09,1096.94,6,37.2894
OPEL,orange,hybrid,2024,5.99,2,31344.7,624.42,1321.93,728.41,6,36.5201
BMV,navy blue,electric,2020,0.0,2,28198.27,855.9,1307.75,1021.75,5,0.0
BMV,black,gasoline,2018,9.3,4,18306.07,937.44,727.08,1435.15,13,219.2635
OPEL,sky blue,gasoline,2013,10.35,4,17971.42,930.56,1295.87,1436.67,13,230.968
OPEL,white,electric,2021,0.0,4,37625.28,841.14,950.47,823.12,5,0.0
SEAT,pearl white,hybrid,2019,5.79,2,27648.96,871.91,1459.75,1244.0,7,62.6518
SEAT,yellow,electric,2025,0.0,4,17084.85,798.43,947.4,893.69,5,0.0
SEAT,white,electric,2019,0.0,4,28690.14,893.94,521.88,967.5,5,0.0
MERCEDES,navy blue,gasoline,2011,11.4,4,21364.89,862.85,547.13,560.68,13,233.2107
BMV,pearl white,gasoline,2023,11.37,2,38165.98,893.12,1301.11,1321.28,12,179.2257
SEAT,pearl white,gasoline,2023,11.34,4,23050.41,944.52,1347.11,655.98,12,203.5276
SEAT,white,gasoline,2013,8.36,2,39637.12,1416.48,516.04,1299.17,13,206.5045
SEAT,white,hybrid,2023,6.72,2,29987.94,1138.67,736.62,736.5,8,76.2587
OPEL,red,electric,2023,0.0,2,33926.46,1135.44,875.09,747.35,5,0.0
MERCEDES,red,gasoline,2016,10.92,2,23821.61,1038.95,790.44,558.57,13,228.3185
MERCEDES,pearl white,gasoline,2016,11.27,2,30976.65,1278.83,1044.72,786.63,13,232.4632
OPEL,black,gasoline,2010,8.8,2,37158.53,1376.26,618.53,970.05,13,222.3957
SEAT,orange,hybrid,2023,6.59,4,18566.09,626.15,629.44,1130.39,8,77.94
OPEL,white,hybrid,2023,5.33,2,32899.17,647.11,1056.47,853.09,6,24.6515
OPEL,orange,electric,2019,0.0,4,34576.2,1218.53,1419.1,615.25,5,0.0
MERCEDES,red,gasoline,2012,11.01,4,21018.9,987.24,514.81,1128.45,13,219.34
BMV,yellow,electric,2023,0.0,4,29634.84,1456.42,929.82,866.24,5,0.0
MERCEDES,black,gasoline,2011,7.02,4,25613.89,1339.91,1024.03,1338.84,11,143.4941
OPEL,black,hybrid,2021,6.43,4,30481.86,1191.41,757.61,537.8,9,88.0087
MERCEDES,orange,electric,2019,0.0,2,21886.27,1134.07,1257.15,519.32,5,0.0
BMV,pearl white,electric,2021,0.0,4,25485.0,884.81,635.6,922.87,5,0.0
OPEL,sky blue,hybrid,2023,6.43,4,31561.9,870.55,503.68,1388.93,8,76.4801
BMV,white,electric,2019,0.0,2,34772.87,628.81,1448.45,994.79,5,0.0
OPEL,navy blue,electric,2019,0.0,2,38044.64,902.11,1487.45,509.94,5,0.0
BMV,yellow,gasoline,2021,11.29,2,18124.97,944.88,1016.94,1148.38,13,229.126
SEAT,navy blue,electric,2022,0.0,4,21039.82,940.84,999.65,542.34,5,0.0
OPEL,red,electric,2020,0.0,2,18757.21,897.56,981.12,869.67,5,0.0
MERCEDES,pearl white,gasoline,2010,8.49,2,29788.5,903.34,997.9,941.8,13,224.25
BMV,navy blue,hybrid,2019,5.86,2,39133.0,1065.87,1115.39,809.01,7,45.3338
BMV,pearl white,hybrid,2025,5.77,4,19400.59,1368.01,1223.61,1176.4,6,37.8835
SEAT,sky blue,hybrid,2022,6.91,4,38160.61,805.51,663.86,717.59,9,83.0361
OPEL,pearl white,hybrid,2025,6.77,2,36095.01,919.18,832.53,1055.48,8,68.5626
BMV,yellow,gasoline,2023,11.95,2,24814.27,835.29,770.76,1442.28,12,202.0087
OPEL,white,hybrid,2021,5.42,2,26623.06,1476.91,1036.8,634.04,7,57.0078
SEAT,orange,gasoline,2011,7.37,4,15032.43,1290.16,951.59,1342.05,11,160.8829
BMV,orange,gasoline,2018,11.35,2,37315.38,706.97,1356.8,671.88,13,223.6793
MERCEDES,black,gasoline,2019,11.02,2,35660.63,530.9,805.26,912.94,13,228.4964
SEAT,white,gasoline,2025,7.8,2,16377.84,1049.9,1328.34,1006.73,12,197.0943
SEAT,navy blue,electric,2023,0.0,2,30734.44,1158.24,521.18,1079.81,5,0.0
BMV,red,gasoline,2025,7.71,2,31005.54,664.18,1366.5,1260.95,12,182.7669
MERCEDES,sky blue,electric,2024,0.0,4,38182.72,579.89,1279.01,962.3,5,0.0
OPEL,white,hybrid,2024,5.21,2,33233.43,1208.02,576.24,998.96,6,32.0486
MERCEDES,sky blue,electric,2023,0.0,2,30046.26,707.3,913.51,1124.62,5,0.0
OPEL,orange,electric,2023,0.0,2,36222.85,1100.15,719.17,1313.02,5,0.0
BMV,pearl white,electric,2019,0.0,2,28327.7,1006.85,1469.86,596.2,5,0.0
MERCEDES,black,electric,2025,0.0,4,36910.0,1412.44,1326.32,1452.25,5,0.0
BMV,yellow,gasoline,2021,8.84,4,31966.37,1483.9,1454.58,1028.38,13,210.905
SEAT,white,electric,2020,0.0,4,29153.15,821.14,1282.81,725.87,5,0.0
MERCEDES,pearl white,electric,2024,0.0,4,34653.9,759.71,574.15,1381.06,5,0.0
SEAT,navy blue,gasoline,2017,9.29,2,18204.28,1485.58,1296.64,1085.02,13,212.9407
SEAT,navy blue,hybrid,2023,5.71,4,28797.53,628.15,838.62,599.3,6,31.3024
SEAT,red,hybrid,2022,6.75,4,30166.83,947.03,1444.34,1093.38,9,84.1655
BMV,orange,electric,2023,0.0,4,30144.49,1359.95,630.43,1087.95,5,0.0
OPEL,navy blue,electric,2025,0.0,4,23074.44,1436.36,567.44,823.88,5,0.0
MERCEDES,orange,gasoline,2022,9.83,4,36945.86,849.26,1366.15,1293.37,13,228.8619
SEAT,red,hybrid,2023,5.36,2,27629.03,1264.32,691.31,1447.67,6,25.2009
SEAT,navy blue,hybrid,2025,5.35,2,34783.91,819.67,1071.12,1422.55,6,22.1833
SEAT,sky blue,electric,2021,0.0,2,17361.28,542.24,684.49,672.06,5,0.0
MERCEDES,orange,gasoline,2015,11.11,2,23261.73,1331.9,1263.13,1287.24,13,213.4456
BMV,sky blue,gasoline,2018,10.0,2,30064.0,1261.39,1440.14,1286.26,13,232.621
MERCEDES,yellow,gasoline,2022,11.38,4,29934.55,1110.62,1439.6,1306.61,13,224.3142
OPEL,black,gasoline,2014,8.07,2,24695.24,898.8,1464.48,563.43,13,226.7176
BMV,navy blue,hybrid,2025,6.62,4,30830.01,1462.98,756.3,1367.22,8,66.2416
SEAT,navy blue,electric,2021,0.0,2,20946.41,1097.16,859.3,1130.73,5,0.0
MERCEDES,sky blue,electric,2020,0.0,4,33844.4,1354.68,1180.99,978.42,5,0.0
BMV,white,gasoline,2025,11.3,4,35062.55,548.99,1195.43,768.22,12,182.1162
BMV,orange,electric,2020,0.0,4,31994.9,671.75,630.61,871.24,5,0.0
MERCEDES,red,electric,2023,0.0,2,31659.13,1460.18,700.99,1121.46,5,0.0
BMV,yellow,electric,2019,0.0,2,34033.04,529.28,1386.21,559.88,5,0.0
BMV,orange,electric,2021,0.0,2,26036.05,1384.11,804.74,642.14,5,0.0
MERCEDES,yellow,gasoline,2015,7.56,4,15852.75,1257.85,516.23,1014.38,13,229.1469
BMV,black,hybrid,2025,6.85,4,34947.7,1367.75,832.41,642.54,8,73.217
SEAT,black,electric,2019,0.0,2,23430.19,847.94,1227.22,525.72,5,0.0
MERCEDES,navy blue,electric,2020,0.0,2,38744.84,915.91,1008.94,501.04,5,0.0
OPEL,white,hybrid,2024,6.62,4,22194.48,725.18,617.6,715.26,8,67.9345
MERCEDES,orange,hybrid,2023,6.37,2,28090.25,1402.54,777.95,529.94,8,77.3969
MERCEDES,sky blue,hybrid,2020,5.66,4,26241.46,1488.67,944.33,733.55,7,47.6224
MERCEDES,orange,electric,2024,0.0,4,17436.6,1233.08,1003.06,1149.52,5,0.0
OPEL,yellow,gasoline,2015,10.71,2,17748.69,1214.65,1238.68,591.02,13,228.5715
BMV,navy blue,hybrid,2021,6.62,4,29378.41,814.7,1043.43,1466.78,9,84.0842
SEAT,yellow,hybrid,2020,5.61,2,17803.14,1376.16,503.51,517.2,7,55.1244
OPEL,white,electric,2024,0.0,2,37340.06,577.03,1087.07,834.67,5,0.0
SEAT,pearl white,gasoline,2017,10.68,2,33646.43,661.45,1439.19,975.23,13,215.8553
OPEL,navy blue,hybrid,2022,6.28,2,24846.17,701.92,569.27,1315.65,9,88.6017
MERCEDES,sky blue,gasoline,2019,7.51,4,29596.48,1471.6,1375.04,1403.2,13,232.4898
MERCEDES,yellow,electric,2025,0.0,2,18763.44,1350.83,821.68,1367.62,5,0.0
OPEL,white,gasoline,2019,7.91,4,23503.98,1405.98,1241.63,1047.2,13,211.5862
OPEL,red,hybrid,2022,5.12,2,27667.11,571.73,1119.1,832.76,7,52.6488
MERCEDES,sky blue,electric,2021,0.0,2,30777.57,1361.37,1150.51,1073.03,5,0.0
BMV,yellow,hybrid,2025,6.73,2,32970.69,1042.33,554.82,1136.95,8,66.5232
OPEL,yellow,electric,2019,0.0,4,23275.99,789.51,1086.85,1483.5,5,0.0
OPEL,red,hybrid,2024,6.87,4,21644.79,1369.4,693.36,948.44,8,66.5597
BMV,yellow,hybrid,2025,6.32,2,31902.99,821.59,503.9,574.23,8,76.0104
OPEL,red,hybrid,2020,6.18,2,28382.83,738.14,1388.41,507.19,9,86.4071
MERCEDES,pearl white,electric,2019,0.0,4,39234.08,882.61,1182.83,1351.66,5,0.0
OPEL,red,electric,2025,0.0,2,23869.11,819.08,1050.7,781.96,5,0.0
OPEL,navy blue,gasoline,2013,10.01,2,31807.56,755.94,579.97,1145.15,13,226.606
SEAT,yellow,electric,2021,0.0,4,39241.05,1487.07,1015.54,1316.99,5,0.0
BMV,orange,hybrid,2021,5.57,4,22793.86,877.1,919.73,843.9,7,42.942
OPEL,black,electric,2020,0.0,4,30946.68,632.47,739.0,800.45,5,0.0
SEAT,pearl white,electric,2021,0.0,2,39128.48,1270.47,671.45,830.68,5,0.0
MERCEDES,navy blue,electric,2020,0.0,2,15051.03,561.26,579.12,752.77,5,0.0
SEAT,red,electric,2020,0.0,4,21371.48,1106.28,799.82,1208.16,5,0.0
SEAT,navy blue,electric,2023,0.0,2,27419.43,615.86,1451.55,1378.99,5,0.0
MERCEDES,pearl white,gasoline,2018,7.64,4,25975.62,766.5,675.71,1285.59,13,232.7183
OPEL,white,gasoline,2018,9.84,4,31374.24,709.57,1205.54,714.3,13,224.1938
OPEL,white,hybrid,2019,5.06,2,26912.64,1310.53,615.1,502.03,7,48.5611
SEAT,orange,hybrid,2020,5.97,2,24877.14,1172.65,779.87,1433.44,7,42.1477
BMV,sky blue,hybrid,2021,6.2,2,18611.22,1351.24,1452.18,1221.42,9,89.0713
MERCEDES,pearl white,gasoline,2022,10.67,2,36660.45,1372.28,1467.86,691.61,13,233.5063
OPEL,sky blue,electric,2022,0.0,2,27413.23,1286.61,1000.52,914.14,5,0.0
MERCEDES,black,hybrid,2021,6.4,2,31127.93,1378.03,1382.38,941.54,9,80.4164
BMV,orange,hybrid,2019,6.05,2,25455.41,997.53,1377.97,1137.0,9,83.0423
BMV,red,gasoline,2021,11.15,2,15109.79,1117.44,1448.83,993.12,13,226.1566
MERCEDES,navy blue,hybrid,2023,6.73,2,17985.1,1200.44,1457.53,998.87,8,70.2654
MERCEDES,navy blue,hybrid,2025,6.25,2,21250.43,1438.79,1409.29,963.19,8,76.4592
MERCEDES,pearl white,hybrid,2023,6.42,4,19736.73,1381.64,1041.18,518.21,8,69.686
BMV,navy blue,gasoline,2019,8.02,4,17730.6,546.41,1004.23,668.46,13,230.2012
OPEL,sky blue,hybrid,2022,5.85,2,23899.28,1254.53,727.65,882.71,7,48.6777
SEAT,white,gasoline,2010,8.72,4,31333.47,1390.49,658.84,1183.33,13,209.5089
OPEL,orange,gasoline,2013,9.97,4,34193.78,1328.13,594.14,610.52,13,215.2357
SEAT,navy blue,electric,2025,0.0,2,22665.82,1256.78,1145.24,541.69,5,0.0
OPEL,navy blue,hybrid,2019,6.33,4,37972.94,1138.18,1162.85,1440.29,9,80.4652
OPEL,red,hybrid,2023,5.8,4,24762.3,787.34,1132.7,553.83,6,20.7582
BMV,orange,electric,2024,0.0,2,23920.24,656.78,957.35,1003.77,5,0.0
BMV,red,hybrid,2020,6.14,2,33494.45,545.9,828.51,1119.0,9,84.0282
MERCEDES,white,hybrid,2022,6.43,4,21932.36,597.93,1262.91,1314.12,9,84.7567
SEAT,orange,hybrid,2022,5.34,2,38747.15,1090.97,1404.73,1095.58,7,60.6596
MERCEDES,navy blue,hybrid,2025,6.99,2,25586.33,1443.31,1274.9,712.22,8,68.218
BMV,pearl white,hybrid,2021,5.99,2,22264.86,1158.64,571.91,743.01,7,58.1626
MERCEDES,orange,gasoline,2010,9.46,4,38904.0,532.89,1161.6,1220.21,13,217.3408
OPEL,yellow,gasoline,2010,11.51,4,23686.53,1322.8,1110.53,989.97,13,216.0843
MERCEDES,navy blue,gasoline,2013,10.31,2,17609.87,518.14,1465.23,1451.65,13,223.0713
MERCEDES,pearl white,hybrid,2024,5.81,4,35437.91,1093.78,730.49,1160.75,6,24.1416
OPEL,red,gasoline,2013,9.59,4,20538.25,955.73,1150.15,867.18,13,227.5065
BMV,sky blue,gasoline,2014,11.36,4,23686.92,1199.22,688.29,1237.82,13,208.1822
MERCEDES,black,hybrid,2021,5.61,4,26266.07,1157.79,559.08,1275.82,7,52.7635
MERCEDES,white,electric,2022,0.0,4,16855.81,790.19,1255.61,851.22,5,0.0
BMV,yellow,gasoline,2014,10.29,4,39268.92,1175.4,810.72,1011.87,13,225.8182
BMV,white,electric,2024,0.0,2,27829.02,970.69,739.51,747.07,5,0.0
OPEL,black,gasoline,2015,7.21,4,25584.68,917.16,1367.22,637.79,11,161.7276
MERCEDES,yellow,hybrid,2023,6.64,2,24809.59,948.57,514.41,1013.51,8,72.875
OPEL,red,hybrid,2023,6.68,2,29517.63,1196.64,1331.85,923.07,8,71.0526
BMV,sky blue,gasoline,2020,10.1,4,32287.3,1352.34,564.13,1223.19,13,233.4562
SEAT,yellow,hybrid,2023,6.78,4,17181.74,1425.81,1062.84,634.71,8,70.6726
SEAT,sky blue,hybrid,2021,5.98,2,16800.98,768.77,1036.75,1163.6,7,47.0978
BMV,white,gasoline,2017,9.32,4,26587.5,879.49,895.95,1062.53,13,222.3427
MERCEDES,yellow,hybrid,2021,6.25,2,27079.23,1334.76,949.63,878.68,9,88.1384
BMV,white,gasoline,2023,7.37,2,24061.62,510.04,1188.36,705.48,10,111.4888
OPEL,red,electric,2019,0.0,2,16304.08,1347.06,1095.12,1290.45,5,0.0
MERCEDES,white,gasoline,2025,10.49,2,30781.77,1070.19,940.02,618.15,12,186.1053
BMV,orange,electric,2023,0.0,2,36378.44,501.8,1284.55,534.94,5,0.0
MERCEDES,navy blue,gasoline,2022,11.87,2,17235.86,874.27,1364.98,698.24,13,206.4115
BMV,orange,hybrid,2020,5.45,4,26288.85,846.56,1197.34,1059.14,7,43.448
MERCEDES,orange,hybrid,2020,5.65,2,18858.15,1208.31,1436.57,535.52,7,47.63
BMV,orange,electric,2024,0.0,4,19538.32,827.88,1112.39,1104.0,5,0.0
BMV,sky blue,hybrid,2021,5.74,4,32992.8,978.39,1113.55,761.27,7,52.4866
SEAT,red,gasoline,2011,7.11,2,19932.71,1068.75,1393.62,921.53,11,141.5067
MERCEDES,yellow,hybrid,2021,6.74,4,33002.28,805.43,931.73,805.34,9,86.4153
OPEL,black,hybrid,2020,6.39,4,30771.34,536.59,993.75,1125.09,9,80.998
OPEL,yellow,gasoline,2017,7.53,2,32164.75,823.32,873.31,585.49,13,218.9535
MERCEDES,black,hybrid,2022,5.5,4,24777.76,1009.08,647.34,715.79,7,55.123
OPEL,white,hybrid,2023,6.28,2,28107.82,829.1,1064.29,918.88,8,70.556
MERCEDES,orange,hybrid,2021,6.23,2,26891.0,751.13,608.28,1270.21,9,83.009
SEAT,sky blue,gasoline,2012,10.08,2,26990.98,1126.51,1326.62,547.66,13,214.4754
MERCEDES,pearl white,hybrid,2024,5.76,2,23267.61,624.02,653.56,1175.01,6,34.5746
BMV,sky blue,hybrid,2021,6.69,2,20710.15,757.37,1015.55,536.25,9,81.0778
BMV,sky blue,hybrid,2022,6.56,2,26177.89,1400.82,699.35,546.8,9,79.4089
MERCEDES,black,hybrid,2022,6.96,2,23002.55,778.43,1467.28,708.26,9,85.5461
BMV,yellow,electric,2023,0.0,2,25205.18,923.61,710.97,983.68,5,0.0
MERCEDES,black,gasoline,2021,8.86,2,32534.14,936.18,1221.68,1006.4,13,208.8795
OPEL,orange,gasoline,2019,10.43,2,15658.63,1050.33,1017.17,817.63,13,208.237
SEAT,red,electric,2019,0.0,2,32971.14,1044.32,713.77,1313.42,5,0.0
SEAT,orange,gasoline,2015,8.49,2,20516.97,1279.74,1447.8,1433.4,13,221.0562
OPEL,white,gasoline,2019,8.74,4,24204.26,636.67,1463.51,1273.26,13,228.452
MERCEDES,white,hybrid,2020,6.68,2,26520.61,751.33,1103.12,1094.07,9,83.2517
SEAT,yellow,electric,2022,0.0,4,23834.42,1487.74,1022.89,1225.67,5,0.0
OPEL,sky blue,electric,2020,0.0,4,22839.35,1187.2,759.69,893.25,5,0.0
OPEL,pearl white,hybrid,2023,5.22,2,34487.07,956.51,1396.15,590.95,6,36.0122
MERCEDES,yellow,hybrid,2021,5.65,4,37049.66,597.86,726.56,539.16,7,50.8553
MERCEDES,navy blue,gasoline,2025,9.77,2,38898.38,1221.33,616.2,1082.08,12,189.8899
SEAT,black,hybrid,2024,5.84,4,30777.27,1211.46,680.93,1472.81,6,35.7227
OPEL,orange,electric,2023,0.0,4,39080.27,1354.93,1362.96,921.41,5,0.0
SEAT,orange,hybrid,2021,6.57,4,17317.26,620.45,522.72,561.68,9,89.8589
MERCEDES,orange,electric,2024,0.0,4,25854.28,1426.18,1485.45,1204.42,5,0.0
MERCEDES,navy blue,gasoline,2016,11.37,4,18106.48,789.38,934.77,577.31,13,206.3349
BMV,navy blue,gasoline,2019,7.77,2,33092.47,1398.83,1419.13,582.82,13,232.3056
MERCEDES,pearl white,gasoline,2012,8.31,4,30506.99,1232.21,628.16,789.54,13,238.5374
SEAT,orange,gasoline,2020,8.58,2,32167.84,1348.73,1004.43,593.22,13,212.5855
BMV,sky blue,gasoline,2010,8.57,4,30739.46,636.51,1173.23,759.05,13,234.642
OPEL,sky blue,hybrid,2021,5.6,4,35031.83,566.51,1413.4,1422.2,7,43.3038
MERCEDES,pearl white,gasoline,2010,9.58,2,34555.12,533.25,1330.16,1081.24,13,239.86
OPEL,orange,gasoline,2015,9.93,4,33341.85,1101.15,987.3,674.91,13,209.2458
OPEL,white,hybrid,2021,6.23,2,29686.96,945.09,1212.75,1040.07,9,85.9582
SEAT,black,hybrid,2022,6.02,4,29109.66,894.34,1466.26,1162.47,9,87.4757
SEAT,black,gasoline,2017,11.52,4,28067.64,631.55,1222.95,652.16,13,224.7335
BMV,pearl white,hybrid,2025,6.16,4,19921.62,1098.54,1434.43,848.21,8,69.0205
BMV,pearl white,hybrid,2023,5.55,4,25323.56,733.87,1006.61,1406.13,6,22.8306
BMV,pearl white,electric,2019,0.0,4,22630.44,795.29,1087.29,899.97,5,0.0
BMV,red,electric,2020,0.0,2,38175.89,1426.4,587.29,608.48,5,0.0
SEAT,sky blue,electric,2022,0.0,2,26659.76,696.22,768.81,605.42,5,0.0
BMV,yellow,hybrid,2025,6.7,4,17666.78,558.66,1072.78,828.77,8,66.4898
SEAT,black,gasoline,2014,8.82,4,37079.6,1262.55,749.37,610.13,13,217.7986
OPEL,black,electric,2025,0.0,2,35765.16,1441.63,750.99,1206.49,5,0.0
OPEL,red,hybrid,2019,5.2,4,36025.35,893.12,647.93,1493.39,7,56.1273
MERCEDES,white,gasoline,2012,8.08,2,17896.15,1172.43,693.72,1274.37,13,226.2518
OPEL,yellow,gasoline,2011,7.61,4,15607.96,1040.86,897.34,1303.75,13,231.3254
OPEL,red,gasoline,2013,10.27,2,17927.69,1241.76,772.3,813.53,13,210.856
SEAT,white,hybrid,2020,6.7,4,39155.21,1327.36,1169.42,1164.87,9,80.0982
OPEL,black,gasoline,2012,11.93,2,32141.93,1154.4,984.02,1002.37,13,219.4988
MERCEDES,red,gasoline,2023,9.73,2,32522.97,1205.4,815.03,875.03,12,202.8328
OPEL,black,hybrid,2022,5.28,4,26838.87,1494.3,1114.12,896.5,7,54.4629
SEAT,sky blue,gasoline,2011,7.24,4,31350.54,1335.59,783.18,1289.98,11,162.5094
SEAT,black,hybrid,2021,5.23,2,38918.59,649.01,927.9,835.32,7,45.5683
MERCEDES,white,hybrid,2023,5.22,4,30673.07,1108.88,599.49,865.09,6,26.8844
OPEL,orange,electric,2019,0.0,4,15352.23,1444.48,915.55,862.99,5,0.0
MERCEDES,sky blue,gasoline,2023,9.59,4,24175.9,640.98,1321.09,1257.57,12,184.3372
MERCEDES,red,hybrid,2019,5.35,2,15974.54,1199.3,563.86,1419.77,7,63.6949
SEAT,orange,hybrid,2019,6.82,2,27730.88,580.02,501.23,699.57,9,85.7111
OPEL,white,electric,2020,0.0,4,26613.15,1196.3,641.19,595.14,5,0.0
OPEL,white,gasoline,2023,7.22,2,26009.84,982.72,954.67,1399.29,10,107.9707
BMV,sky blue,electric,2024,0.0,4,23429.2,736.76,792.44,1358.58,5,0.0
SEAT,red,gasoline,2024,8.28,4,36965.43,702.39,577.31,892.03,12,203.7578
BMV,sky blue,electric,2023,0.0,2,36313.33,664.88,1224.3,1450.78,5,0.0
MERCEDES,red,gasoline,2020,8.35,4,32440.46,606.83,610.11,977.1,13,232.8679
OPEL,orange,gasoline,2017,8.53,2,20782.23,569.61,640.06,1470.69,13,211.9213
OPEL,black,gasoline,2015,9.06,4,39970.58,1471.76,616.47,799.59,13,229.8034
OPEL,white,gasoline,2025,10.57,2,38548.06,1229.81,976.58,677.58,12,185.4166
OPEL,sky blue,electric,2020,0.0,2,26659.79,1378.57,1343.43,1208.02,5,0.0
MERCEDES,pearl white,gasoline,2025,7.27,2,23705.41,545.06,1108.1,1310.44,10,124.3993
MERCEDES,red,electric,2021,0.0,2,17316.31,1076.78,994.82,693.66,5,0.0
SEAT,red,gasoline,2012,10.74,2,37066.85,1089.7,1364.05,1176.42,13,213.1807
SEAT,orange,gasoline,2019,9.91,4,35634.3,746.41,1384.81,640.48,13,218.3786
SEAT,white,electric,2025,0.0,4,16037.48,1060.71,543.25,685.17,5,0.0
SEAT,black,gasoline,2019,10.73,4,32002.92,1130.28,1144.49,1371.27,13,232.1114
BMV,red,electric,2025,0.0,4,30181.24,843.96,1200.76,510.24,5,0.0
OPEL,orange,hybrid,2025,5.3,4,21519.69,864.05,833.45,658.03,6,24.6349
MERCEDES,pearl white,electric,2021,0.0,2,15615.32,754.41,629.4,1176.88,5,0.0
MERCEDES,yellow,gasoline,2022,9.82,2,33692.0,530.23,518.12,513.43,13,206.7298
SEAT,pearl white,gasoline,2013,11.54,2,17174.08,895.3,933.77,895.93,13,230.0734
SEAT,navy blue,hybrid,2024,6.13,2,36183.74,1209.52,1458.07,1133.6,8,74.6559
SEAT,pearl white,electric,2021,0.0,2,36596.1,1041.27,695.38,809.07,5,0.0
BMV,yellow,electric,2024,0.0,2,16558.53,560.45,760.2,796.64,5,0.0
OPEL,white,gasoline,2019,7.18,2,20810.91,1199.71,1454.3,938.39,11,169.6332
MERCEDES,orange,gasoline,2016,7.09,4,30329.55,1471.64,1127.28,591.88,11,151.337
SEAT,pearl white,hybrid,2023,5.14,4,29482.34,674.04,773.22,1279.65,6,35.6727
MERCEDES,yellow,electric,2023,0.0,2,24800.99,1430.37,1409.92,1113.46,5,0.0
MERCEDES,orange,electric,2020,0.0,4,27661.97,756.17,1354.36,888.96,5,0.0
BMV,red,hybrid,2024,6.42,4,28345.97,1476.53,1140.7,841.65,8,74.8479
BMV,red,hybrid,2024,6.65,4,37802.17,1021.19,998.06,975.06,8,72.5852
SEAT,red,hybrid,2024,5.09,4,21335.45,807.43,1331.77,581.8,6,32.2386
MERCEDES,sky blue,gasoline,2023,10.78,2,23534.18,1256.91,1326.11,1262.16,12,187.0014
SEAT,white,gasoline,2018,7.22,2,22750.89,1478.16,638.82,644.82,11,159.4335
OPEL,orange,gasoline,2021,8.86,4,34680.44,1172.36,557.92,1479.82,13,230.1412
SEAT,yellow,gasoline,2016,11.68,4,25182.02,934.75,848.84,897.05,13,215.5154
BMV,black,hybrid,2021,6.12,2,39773.48,1025.26,1479.17,699.36,9,83.9663
SEAT,yellow,gasoline,2024,8.52,2,29052.56,566.3,551.25,1397.56,12,197.0139
OPEL,navy blue,gasoline,2020,7.94,4,28552.6,1300.59,719.59,624.86,13,222.9159
BMV,pearl white,electric,2022,0.0,4,15771.53,1120.4,1211.41,1237.93,5,0.0
OPEL,yellow,gasoline,2011,9.42,2,17857.29,735.73,514.06,1284.87,13,221.5328
OPEL,navy blue,gasoline,2016,7.32,4,19763.73,837.37,505.11,971.91,11,144.9328
MERCEDES,navy blue,electric,2025,0.0,2,32620.08,1343.3,1149.22,1224.96,5,0.0
OPEL,sky blue,hybrid,2025,6.77,2,34079.44,886.82,515.23,1379.12,8,73.3309
OPEL,pearl white,hybrid,2023,5.46,2,39398.46,1127.36,983.58,1084.2,6,37.2433
MERCEDES,yellow,electric,2019,0.0,4,19793.83,844.42,647.41,545.16,5,0.0
OPEL,black,gasoline,2011,8.21,4,30893.63,1283.75,1091.18,1027.2,13,224.8544
OPEL,yellow,electric,2021,0.0,4,27092.74,1077.43,841.79,610.62,5,0.0
MERCEDES,red,hybrid,2021,5.83,2,39397.67,1170.52,704.68,903.73,7,53.309
OPEL,pearl white,gasoline,2017,10.6,2,20368.79,591.2,1196.33,910.72,13,210.2608
MERCEDES,orange,electric,2023,0.0,2,23472.63,1025.66,1086.38,965.28,5,0.0
MERCEDES,yellow,hybrid,2021,5.76,4,24914.84,851.89,541.99,1201.24,7,64.3263
BMV,pearl white,electric,2023,0.0,2,32894.83,810.42,600.03,665.18,5,0.0
OPEL,pearl white,electric,2020,0.0,4,23259.71,802.72,583.56,1383.85,5,0.0
OPEL,yellow,hybrid,2024,5.8,4,29886.69,1498.1,553.28,1365.47,6,33.8325
MERCEDES,red,gasoline,2018,7.31,4,27170.05,1345.67,1257.01,918.52,11,146.3744
SEAT,yellow,hybrid,2023,6.73,2,21728.48,1420.95,667.12,742.57,8,66.1589
MERCEDES,black,electric,2019,0.0,2,35996.21,544.84,1279.75,1325.35,5,0.0
BMV,sky blue,electric,2024,0.0,4,17889.85,689.48,540.97,1181.16,5,0.0
SEAT,black,electric,2023,0.0,4,32934.65,1050.34,1103.84,1467.4,5,0.0
OPEL,white,gasoline,2025,10.04,4,30277.33,1066.91,1288.29,671.45,12,196.2866
MERCEDES,navy blue,gasoline,2013,9.28,2,24412.79,1366.93,1326.75,1243.58,13,208.7251
MERCEDES,black,hybrid,2022,6.11,2,20777.84,799.97,1070.26,1446.1,9,84.7119
SEAT,yellow,gasoline,2017,10.91,2,23854.08,699.77,802.29,512.84,13,224.3511
BMV,red,electric,2019,0.0,2,36087.73,1006.26,950.26,722.93,5,0.0
SEAT,black,hybrid,2021,6.62,2,20894.86,643.48,975.77,994.01,9,79.7387
SEAT,white,gasoline,2022,8.14,2,17145.36,919.43,767.37,1166.79,13,219.1829
OPEL,pearl white,electric,2021,0.0,4,24490.8,1195.97,839.24,1334.81,5,0.0
MERCEDES,orange,electric,2024,0.0,2,17252.27,1376.6,927.55,1188.81,5,0.0
OPEL,sky blue,electric,2019,0.0,2,19590.27,761.7,1072.24,994.11,5,0.0
OPEL,yellow,gasoline,2024,7.38,2,32000.2,588.81,1229.14,792.98,10,104.9322
SEAT,white,gasoline,2015,11.76,2,31713.26,511.18,782.7,1033.59,13,216.9452
MERCEDES,white,gasoline,2020,11.76,2,16505.66,1164.69,1369.7,885.88,13,209.5718
SEAT,orange,hybrid,2020,6.74,4,35392.63,1051.95,562.21,989.89,9,87.1592
BMV,yellow,hybrid,2023,6.26,4,15617.78,618.3,868.44,1043.86,8,67.7666
SEAT,sky blue,electric,2019,0.0,4,29057.47,686.18,822.95,509.06,5,0.0
BMV,sky blue,gasoline,2014,8.5,2,17514.73,649.88,1453.52,698.24,13,228.7449
SEAT,yellow,electric,2022,0.0,2,23524.4,561.91,715.91,1261.2,5,0.0
BMV,sky blue,hybrid,2025,6.65,2,35493.06,1216.29,1478.24,988.43,8,73.6226
SEAT,pearl white,electric,2023,0.0,4,29771.37,741.95,1468.81,1471.51,5,0.0
OPEL,navy blue,hybrid,2021,6.38,2,18369.06,672.6,1417.61,860.37,9,80.4144
BMV,orange,hybrid,2019,6.22,2,19187.62,1466.42,873.96,957.24,9,86.1186
SEAT,black,gasoline,2011,7.1,2,21808.46,1268.1,1072.72,1173.66,11,164.3989
MERCEDES,sky blue,gasoline,2011,7.55,4,15956.15,527.45,1080.62,1134.2,13,209.8413
SEAT,white,electric,2022,0.0,2,27343.43,842.54,940.5,926.83,5,0.0
BMV,white,electric,2019,0.0,4,18446.03,1096.2,1008.99,696.01,5,0.0
MERCEDES,sky blue,electric,2025,0.0,4,34314.73,884.78,505.84,1239.31,5,0.0
SEAT,black,hybrid,2019,6.89,2,26971.98,533.84,630.65,740.87,9,86.8324
OPEL,white,hybrid,2022,6.92,2,20784.43,539.41,881.13,1054.34,9,79.1693
MERCEDES,white,electric,2022,0.0,4,22392.99,670.38,547.48,1203.11,5,0.0
SEAT,pearl white,hybrid,2022,5.02,2,16283.2,1458.87,1069.13,1245.99,7,49.5338
OPEL,orange,gasoline,2012,9.53,4,37432.16,890.0,1204.12,539.57,13,238.3993
OPEL,black,gasoline,2019,10.33,2,34221.66,1470.55,687.22,1371.62,13,224.2646
OPEL,red,electric,2019,0.0,4,36933.43,1370.5,1107.55,659.16,5,0.0
MERCEDES,black,gasoline,2017,7.18,4,30194.45,1173.03,1116.59,1060.75,11,156.0016
SEAT,red,electric,2021,0.0,2,34401.35,760.44,1090.43,1341.89,5,0.0
OPEL,red,hybrid,2022,5.77,2,25064.24,1484.56,1281.97,1164.67,7,44.2141
OPEL,black,electric,2024,0.0,2,30702.17,754.44,1252.3,1271.06,5,0.0
SEAT,yellow,gasoline,2023,11.86,4,39307.61,1426.79,597.29,1308.13,12,174.052
BMV,red,electric,2025,0.0,4,25896.65,793.91,717.61,1138.28,5,0.0
SEAT,navy blue,gasoline,2020,8.68,2,27464.16,777.2,1028.37,1225.65,13,233.5923
MERCEDES,white,electric,2024,0.0,4,16773.85,1124.36,857.26,1488.18,5,0.0
MERCEDES,yellow,gasoline,2017,9.87,2,20125.73,638.38,1381.85,500.71,13,227.8401
OPEL,yellow,hybrid,2020,5.85,4,27268.97,693.03,1436.62,1457.9,7,62.3477
OPEL,black,electric,2022,0.0,2,22105.09,650.45,904.13,1022.6,5,0.0
BMV,orange,electric,2019,0.0,4,15410.78,718.89,1149.14,1317.57,5,0.0
MERCEDES,navy blue,electric,2021,0.0,4,31993.67,1337.7,1337.67,556.34,5,0.0
OPEL,sky blue,gasoline,2017,7.13,4,39746.01,573.1,1258.27,782.97,11,163.8563
SEAT,orange,gasoline,2013,8.36,4,39330.3,1003.81,1035.41,1372.01,13,231.2612
BMV,white,hybrid,2020,6.07,2,19431.18,503.87,1218.28,1206.9,9,86.7475
MERCEDES,red,hybrid,2025,6.87,4,33754.31,1371.94,933.2,1067.59,8,66.7518
OPEL,navy blue,hybrid,2025,6.62,2,15946.86,731.38,861.39,1194.12,8,74.4621
MERCEDES,yellow,hybrid,2023,5.91,2,20420.11,1208.88,670.86,634.46,6,37.3003
SEAT,white,gasoline,2020,7.53,2,15627.79,954.79,923.28,639.55,13,227.5708
MERCEDES,pearl white,hybrid,2024,5.06,4,30955.7,1487.32,853.24,1459.29,6,30.9574
SEAT,pearl white,hybrid,2019,5.61,4,39698.78,1071.33,1282.36,1228.94,7,58.0187
MERCEDES,orange,hybrid,2023,6.39,4,26611.65,653.73,1379.29,1454.96,8,70.3745
BMV,pearl white,electric,2025,0.0,4,36215.8,909.92,901.18,670.29,5,0.0
MERCEDES,red,hybrid,2025,6.39,2,15561.81,521.64,1007.99,1379.88,8,69.8856
MERCEDES,yellow,gasoline,2014,7.56,4,26195.41,1001.06,1163.83,505.41,13,219.809
OPEL,white,electric,2020,0.0,2,28711.13,708.87,1094.11,619.68,5,0.0
BMV,white,gasoline,2025,10.57,4,21216.87,1029.38,657.4,1255.89,12,198.6492
BMV,orange,hybrid,2025,5.83,2,17034.61,730.13,710.83,1486.39,6,39.1521
OPEL,sky blue,hybrid,2025,5.59,2,21864.99,1481.86,1235.49,833.31,6,36.7495
SEAT,pearl white,hybrid,2025,5.19,4,29665.87,1166.63,521.55,507.64,6,34.183
BMV,navy blue,gasoline,2014,8.96,2,16613.32,1483.6,943.03,591.07,13,215.2813
MERCEDES,orange,electric,2023,0.0,2,19865.54,873.85,1391.5,752.82,5,0.0
BMV,white,electric,2024,0.0,4,25470.95,1019.81,1102.69,1070.15,5,0.0
MERCEDES,sky blue,gasoline,2016,8.0,2,32687.62,1189.31,1261.02,1028.43,13,207.4029
MERCEDES,red,hybrid,2021,5.89,4,17609.09,922.73,984.13,1366.48,7,46.3173
MERCEDES,black,hybrid,2020,5.99,2,24229.91,872.46,530.19,1219.05,7,52.9619
OPEL,orange,gasoline,2010,11.27,2,30568.26,1126.16,1041.31,745.88,13,239.12
OPEL,yellow,hybrid,2025,5.48,2,35858.16,905.75,916.83,817.71,6,28.7022
MERCEDES,black,gasoline,2020,11.14,2,18920.18,1311.19,887.98,691.7,13,213.0345
OPEL,sky blue,hybrid,2022,5.98,2,19588.1,1219.67,609.91,1003.03,7,49.1574
MERCEDES,orange,electric,2019,0.0,4,25911.83,571.04,1129.02,905.2,5,0.0
OPEL,yellow,gasoline,2018,11.49,2,32634.05,1483.03,664.27,1362.34,13,237.7741
OPEL,black,hybrid,2020,6.6,4,33927.58,1249.27,805.96,1492.22,9,86.9638
MERCEDES,red,gasoline,2023,8.91,4,35534.78,1187.34,708.03,1142.49,12,173.861
OPEL,red,hybrid,2022,6.39,4,38553.45,888.55,630.9,1262.8,9,82.2823
SEAT,orange,electric,2022,0.0,2,24939.88,961.86,1172.25,1159.85,5,0.0
BMV,yellow,hybrid,2023,5.61,4,20148.59,725.84,1364.23,1105.19,6,33.043
BMV,navy blue,electric,2021,0.0,2,25663.96,951.18,948.81,991.53,5,0.0
MERCEDES,sky blue,electric,2024,0.0,2,36349.41,620.68,1430.85,683.04,5,0.0
SEAT,orange,gasoline,2025,9.53,2,18740.0,642.09,1447.75,1463.39,12,195.7525
SEAT,white,hybrid,2023,6.44,4,18013.56,1452.84,1340.17,1259.0,8,75.8078
OPEL,white,hybrid,2022,5.71,4,31147.24,1330.31,1269.62,815.05,7,49.8979
BMV,white,electric,2025,0.0,2,18225.3,1068.38,1069.77,549.95,5,0.0
OPEL,black,electric,2022,0.0,2,34451.52,1464.99,1086.2,836.87,5,0.0
MERCEDES,yellow,electric,2025,0.0,2,15934.28,763.35,776.87,1498.48,5,0.0
BMV,yellow,gasoline,2012,8.64,4,34531.88,806.05,633.74,628.41,13,237.6564
BMV,red,electric,2025,0.0,2,29313.55,820.18,889.25,1044.35,5,0.0
BMV,red,gasoline,2015,8.26,2,17730.52,1324.14,1144.62,532.87,13,220.839
BMV,red,hybrid,2022,6.95,2,24421.58,1361.94,1178.31,1315.77,9,83.2826
BMV,black,hybrid,2023,5.6,4,38019.59,1243.86,776.36,1276.42,6,34.4061
OPEL,pearl white,electric,2022,0.0,4,27571.21,784.57,1349.44,1018.1,5,0.0
SEAT,orange,electric,2020,0.0,4,26127.53,1027.33,1354.84,879.69,5,0.0
OPEL,orange,hybrid,2019,6.24,4,36549.82,1278.05,1361.97,722.51,9,85.1742
SEAT,black,electric,2019,0.0,4,26154.2,806.33,982.65,1012.87,5,0.0
MERCEDES,yellow,hybrid,2021,6.84,4,30589.96,989.54,1175.92,1199.94,9,84.816
MERCEDES,pearl white,electric,2023,0.0,4,24331.01,978.5,1368.72,1132.63,5,0.0
BMV,black,gasoline,2013,9.2,4,24228.71,995.59,1033.65,1229.02,13,233.6947
MERCEDES,orange,gasoline,2023,7.21,4,38654.45,626.21,1205.34,850.98,10,130.7047
OPEL,navy blue,hybrid,2024,5.75,2,38000.43,1243.38,1158.2,1341.19,6,30.7082
SEAT,red,gasoline,2024,8.77,4,34378.55,1483.99,741.22,755.31,12,187.1498
SEAT,sky blue,hybrid,2023,5.53,4,29892.03,793.7,882.42,1457.1,6,30.1988
SEAT,orange,electric,2020,0.0,4,19870.27,610.45,1169.21,848.17,5,0.0
MERCEDES,white,hybrid,2019,5.53,4,38414.29,947.72,1094.75,552.13,7,46.6989
SEAT,yellow,electric,2025,0.0,4,16874.91,879.29,1311.91,724.84,5,0.0
OPEL,black,gasoline,2013,9.67,4,38262.78,702.46,910.56,1094.3,13,214.8118
OPEL,white,electric,2023,0.0,2,19474.63,511.5,1418.39,765.2,5,0.0
BMV,yellow,electric,2020,0.0,4,16839.18,940.36,1120.08,1124.73,5,0.0
OPEL,pearl white,hybrid,2022,6.12,2,24778.81,1479.07,516.77,1085.8,9,89.0819
SEAT,sky blue,hybrid,2020,6.15,4,37014.71,704.17,748.23,779.69,9,82.1845
BMV,white,gasoline,2017,7.71,4,31701.25,517.55,1185.0,1451.85,13,211.512
OPEL,white,gasoline,2021,8.37,2,30994.03,1253.01,1131.92,830.69,13,230.2685
OPEL,orange,electric,2024,0.0,4,27390.82,643.49,1257.29,816.07,5,0.0
BMV,pearl white,hybrid,2022,5.58,2,36975.45,967.29,1082.06,1476.18,7,49.1481
OPEL,yellow,hybrid,2019,5.89,4,27556.21,1281.73,687.97,702.12,7,58.7834
OPEL,red,hybrid,2025,5.89,4,22033.64,798.77,1279.32,602.31,6,31.8132
OPEL,red,hybrid,2020,6.33,2,19603.12,743.27,646.89,1063.92,9,87.6171
SEAT,pearl white,hybrid,2023,6.52,2,39614.55,1206.94,597.61,1413.45,8,76.3391
MERCEDES,black,gasoline,2025,9.84,4,16246.52,713.96,679.09,824.96,12,171.1245
BMV,red,hybrid,2024,5.46,4,16056.39,904.14,1308.82,1215.59,6,30.1087
OPEL,white,gasoline,2010,10.76,2,34777.05,1453.87,923.58,1495.67,13,234.8618
MERCEDES,pearl white,gasoline,2022,8.66,4,21706.92,555.55,1441.1,567.91,13,217.7094
MERCEDES,pearl white,gasoline,2014,8.31,4,33956.49,1466.67,913.17,517.16,13,229.2434
BMV,black,electric,2022,0.0,4,23338.58,1066.75,1015.43,1339.48,5,0.0
OPEL,sky blue,electric,2025,0.0,4,38778.57,1411.21,1328.74,507.65,5,0.0
OPEL,navy blue,hybrid,2025,5.73,2,31213.6,514.48,504.15,1398.79,6,33.4987
SEAT,white,electric,2025,0.0,2,17320.12,872.35,826.08,1495.28,5,0.0
MERCEDES,black,hybrid,2020,6.24,2,36439.74,1463.16,669.67,745.08,9,84.4204
OPEL,navy blue,gasoline,2012,10.77,4,20836.57,879.86,1280.59,1165.25,13,209.0837
MERCEDES,sky blue,electric,2024,0.0,2,32624.66,1153.42,806.4,652.42,5,0.0
MERCEDES,sky blue,hybrid,2024,5.41,2,31140.35,1288.88,1096.7,541.04,6,38.2674
MERCEDES,red,hybrid,2019,6.01,4,31697.05,735.75,1099.92,1080.84,9,85.9303
OPEL,red,electric,2020,0.0,2,38654.12,655.28,518.07,998.74,5,0.0
BMV,yellow,electric,2019,0.0,2,31916.85,1461.19,1303.57,1042.46,5,0.0
BMV,sky blue,hybrid,2022,6.14,2,20989.68,1228.63,683.36,1083.25,9,82.5406
OPEL,sky blue,gasoline,2023,11.36,2,38556.51,547.09,1333.74,1413.82,12,175.5858
SEAT,pearl white,electric,2023,0.0,2,16525.22,1220.82,1098.82,1465.96,5,0.0
MERCEDES,yellow,gasoline,2023,8.44,2,19369.53,1452.22,1443.48,508.63,12,192.0947
SEAT,white,electric,2022,0.0,4,24233.23,1136.5,551.4,1037.06,5,0.0
OPEL,white,gasoline,2019,7.69,2,28413.53,773.69,1257.14,1321.76,13,229.7182
BMV,orange,gasoline,2015,11.65,4,18127.68,1076.64,927.8,1247.78,13,234.7741
MERCEDES,pearl white,electric,2024,0.0,2,29450.07,655.31,559.56,909.83,5,0.0
OPEL,yellow,gasoline,2021,8.4,4,32711.56,1309.43,730.43,550.62,13,222.7147
MERCEDES,sky blue,hybrid,2025,6.81,2,29111.11,1476.11,1424.03,825.91,8,66.3987
MERCEDES,red,gasoline,2010,8.9,4,32107.72,974.86,722.3,963.76,13,208.8139
OPEL,navy blue,hybrid,2025,5.55,4,24146.58,1001.53,1101.83,661.63,6,33.6796
OPEL,navy blue,electric,2021,0.0,4,17488.28,1371.89,571.59,964.45,5,0.0
SEAT,red,electric,2019,0.0,2,24458.86,1052.93,801.42,1054.77,5,0.0
BMV,red,hybrid,2022,5.69,4,37847.92,670.83,1304.37,1434.85,7,45.099
BMV,orange,electric,2025,0.0,4,16743.02,519.94,1026.92,571.04,5,0.0
OPEL,sky blue,electric,2024,0.0,2,25857.73,1313.52,910.88,636.72,5,0.0
BMV,black,hybrid,2022,5.37,4,39447.12,659.37,1399.13,1324.76,7,64.8897
SEAT,orange,electric,2025,0.0,4,27037.11,836.33,981.8,1039.73,5,0.0
MERCEDES,white,gasoline,2018,11.03,2,38332.82,974.92,561.18,1406.63,13,208.9331
BMV,red,gasoline,2018,11.31,2,25643.02,816.79,580.2,1096.72,13,217.6804
BMV,black,hybrid,2025,6.92,2,25398.1,615.52,1312.54,826.34,8,71.4407
SEAT,navy blue,gasoline,2024,8.85,2,38027.48,944.78,1250.94,981.87,12,176.3684
OPEL,yellow,gasoline,2019,7.86,2,19350.57,539.12,891.43,1172.03,13,221.1699
SEAT,sky blue,gasoline,2011,9.83,4,35665.69,1121.53,551.49,1201.47,13,234.4347
SEAT,yellow,gasoline,2014,11.66,2,16801.1,1332.0,700.07,1160.33,13,206.8852
MERCEDES,navy blue,hybrid,2022,5.75,2,18885.72,1122.48,1436.49,1193.06,7,57.8264
MERCEDES,pearl white,hybrid,2020,6.77,2,31571.03,1488.22,653.55,1421.49,9,86.952
BMV,orange,hybrid,2020,6.68,4,35466.88,956.38,860.12,1337.25,9,79.885
OPEL,black,electric,2019,0.0,2,34671.68,1358.31,649.13,710.1,5,0.0
MERCEDES,sky blue,gasoline,2015,9.99,4,24476.98,1036.88,655.93,1002.0,13,206.2375
BMV,black,gasoline,2015,8.17,4,36703.38,764.78,1388.32,694.6,13,239.5163
MERCEDES,sky blue,gasoline,2021,8.96,2,35824.9,913.88,1430.93,606.55,13,226.9678
BMV,red,hybrid,2021,5.28,4,37394.8,860.84,581.22,661.19,7,54.9263
MERCEDES,white,hybrid,2022,5.24,2,15479.8,1417.91,1158.01,935.44,7,41.2654
MERCEDES,pearl white,hybrid,2025,6.32,4,36544.61,1451.62,1081.63,1294.07,8,75.4199
SEAT,white,hybrid,2023,6.77,2,17931.81,768.71,839.56,832.38,8,77.3398
MERCEDES,pearl white,electric,2020,0.0,2,17168.81,1033.92,1027.04,689.28,5,0.0
OPEL,orange,hybrid,2022,5.93,2,21048.69,1398.19,1198.02,1236.6,7,64.6651
OPEL,sky blue,gasoline,2019,10.79,4,33929.71,615.36,561.65,739.3,13,211.9316
SEAT,navy blue,hybrid,2019,5.41,4,37616.58,960.18,1444.8,1280.57,7,49.0481
BMV,navy blue,electric,2024,0.0,2,33517.76,1009.52,1130.9,725.22,5,0.0
SEAT,orange,hybrid,2023,5.61,4,21262.24,1226.36,1233.53,670.63,6,21.7126
OPEL,yellow,hybrid,2020,5.25,4,33390.54,1000.54,563.08,1292.98,7,60.8108
OPEL,navy blue,hybrid,2019,6.91,4,24195.95,684.79,1089.93,1189.9,9,81.8415
MERCEDES,pearl white,electric,2024,0.0,2,29885.29,1414.85,925.03,1455.19,5,0.0
OPEL,red,hybrid,2023,5.53,2,29440.03,906.32,655.57,917.89,6,37.7106
MERCEDES,navy blue,gasoline,2024,10.72,2,23200.15,924.18,1191.71,984.61,12,177.3018
SEAT,sky blue,gasoline,2025,10.88,4,20611.56,865.23,790.08,1134.57,12,191.5729
OPEL,black,hybrid,2023,5.85,2,16151.46,888.73,1210.62,1441.17,6,38.9601
OPEL,white,electric,2024,0.0,2,30196.85,673.4,746.06,1230.78,5,0.0
BMV,orange,hybrid,2020,5.03,2,31346.94,880.5,1228.3,556.34,7,53.3612
MERCEDES,pearl white,gasoline,2025,9.47,2,27432.12,1133.68,760.53,1007.95,12,204.2372
OPEL,black,gasoline,2013,7.37,4,20419.75,540.4,1249.37,1407.64,11,162.1142
BMV,navy blue,gasoline,2025,10.58,2,27350.65,1346.28,1299.13,777.16,12,190.546
BMV,pearl white,hybrid,2023,5.65,2,26985.95,1159.87,848.42,543.24,6,27.3936
BMV,pearl white,gasoline,2016,11.53,4,36454.81,1141.46,1204.03,1488.68,13,212.6375
OPEL,red,electric,2023,0.0,2,30784.32,939.79,817.43,1417.53,5,0.0
MERCEDES,orange,electric,2021,0.0,4,15231.08,1019.06,1463.02,1296.42,5,0.0
MERCEDES,red,electric,2025,0.0,2,27833.24,914.52,931.96,537.66,5,0.0
OPEL,pearl white,electric,2020,0.0,4,35716.53,627.17,801.08,1441.14,5,0.0
OPEL,black,electric,2023,0.0,4,34222.05,1372.93,936.38,623.74,5,0.0
BMV,yellow,gasoline,2015,9.16,4,29533.06,1329.56,625.06,785.87,13,227.9762
MERCEDES,red,gasoline,2011,10.42,2,31860.7,868.79,1016.67,1473.79,13,214.6441
OPEL,navy blue,electric,2021,0.0,4,36487.55,780.36,605.06,1474.24,5,0.0
BMV,sky blue,hybrid,2022,5.04,4,21505.61,1480.43,644.83,1175.73,7,41.28
OPEL,pearl white,gasoline,2015,11.16,2,35215.31,838.26,643.7,1382.56,13,233.376
BMV,navy blue,electric,2019,0.0,4,28634.8,1394.86,1402.99,1302.57,5,0.0
OPEL,orange,electric,2024,0.0,4,18847.66,662.18,643.13,1419.96,5,0.0
MERCEDES,sky blue,electric,2022,0.0,4,34103.47,1011.87,586.8,768.17,5,0.0
MERCEDES,black,hybrid,2021,5.01,2,27352.83,1325.92,964.38,756.58,7,46.4579
BMV,sky blue,gasoline,2017,9.62,2,39717.37,505.39,531.77,731.47,13,224.8621
OPEL,black,gasoline,2017,10.27,2,22834.46,833.9,762.35,760.83,13,226.7827
OPEL,navy blue,electric,2025,0.0,4,39071.74,1000.48,1395.25,1269.44,5,0.0
OPEL,yellow,electric,2024,0.0,4,36253.02,1356.26,696.96,1226.75,5,0.0
OPEL,yellow,hybrid,2021,5.25,4,19575.51,508.35,556.99,1055.6,7,52.8465
BMV,sky blue,gasoline,2024,7.25,4,25576.01,830.79,956.21,520.35,10,103.1879
OPEL,black,hybrid,2024,5.14,4,38073.57,1436.03,519.61,1151.5,6,29.167
SEAT,yellow,gasoline,2022,8.68,4,19632.6,677.17,647.35,1151.97,13,210.2479
BMV,sky blue,electric,2023,0.0,2,36602.75,570.58,1487.66,1274.73,5,0.0
MERCEDES,black,electric,2025,0.0,4,36788.19,752.22,608.6,1098.8,5,0.0
BMV,orange,gasoline,2019,7.1,4,37975.31,1120.23,1377.88,854.75,11,146.536
OPEL,yellow,hybrid,2019,6.11,2,20815.2,880.97,1291.3,787.87,9,82.7931
SEAT,sky blue,hybrid,2021,6.17,2,19080.97,1088.48,1278.52,1129.69,9,79.1697
OPEL,yellow,hybrid,2019,6.61,2,35236.5,512.54,516.52,549.79,9,85.5287
OPEL,orange,gasoline,2013,7.8,4,31314.41,1288.04,563.59,1317.13,13,217.8267
MERCEDES,sky blue,hybrid,2020,6.78,4,19042.84,1333.91,1032.47,1037.79,9,79.6491
OPEL,sky blue,hybrid,2021,5.12,4,26145.93,1408.51,1390.84,1274.48,7,56.0906
BMV,sky blue,electric,2024,0.0,2,31202.9,668.56,1122.98,671.08,5,0.0
OPEL,pearl white,hybrid,2024,6.29,4,38290.36,985.83,1106.04,1167.21,8,72.6408
MERCEDES,sky blue,gasoline,2011,10.29,2,26517.95,816.19,1279.76,799.41,13,230.578
MERCEDES,white,hybrid,2019,6.98,2,28381.61,996.19,1382.27,997.4,9,89.449
SEAT,orange,electric,2024,0.0,2,27821.81,762.18,776.86,901.83,5,0.0
OPEL,white,hybrid,2021,6.38,2,39011.11,1008.73,872.8,750.63,9,82.5455
MERCEDES,yellow,electric,2025,0.0,2,19606.65,1255.73,1450.86,1025.59,5,0.0
OPEL,white,electric,2020,0.0,2,30781.41,981.27,1350.65,1416.49,5,0.0
SEAT,red,electric,2021,0.0,4,22326.92,679.58,771.78,888.88,5,0.0
BMV,sky blue,hybrid,2022,5.22,2,28002.83,575.08,1426.38,765.52,7,49.8215
SEAT,white,gasoline,2012,11.97,4,38548.24,699.77,1351.4,895.0,13,232.5717
BMV,navy blue,hybrid,2024,5.86,2,16773.64,799.02,729.29,1232.29,6,27.2546
SEAT,red,gasoline,2011,7.03,2,34143.58,816.56,1034.25,966.67,11,146.0148
MERCEDES,orange,electric,2023,0.0,2,24574.69,830.07,972.25,963.63,5,0.0
OPEL,orange,gasoline,2014,8.76,4,32311.94,1084.76,585.8,765.19,13,226.1707
SEAT,white,hybrid,2024,5.34,4,16602.9,703.41,1452.86,882.86,6,29.1952
BMV,black,hybrid,2021,5.87,2,34173.21,1468.07,1375.93,761.01,7,49.9595
BMV,black,hybrid,2020,6.38,2,20765.54,1290.0,1261.45,534.92,9,85.9499
OPEL,black,hybrid,2024,6.56,2,32609.97,768.75,657.63,1329.06,8,67.1303
OPEL,pearl white,electric,2021,0.0,2,36620.16,872.92,1073.28,510.48,5,0.0
BMV,white,electric,2022,0.0,4,32490.01,900.73,949.68,1327.82,5,0.0
OPEL,navy blue,electric,2020,0.0,2,39596.18,503.97,931.02,868.08,5,0.0
OPEL,orange,electric,2021,0.0,4,26346.41,681.13,1089.96,976.64,5,0.0
MERCEDES,red,electric,2021,0.0,2,19271.1,641.73,1341.65,802.46,5,0.0
BMV,white,gasoline,2012,8.59,2,17798.52,745.95,1438.25,765.82,13,223.5828
SEAT,yellow,gasoline,2021,10.62,2,29420.56,630.48,657.24,661.9,13,210.9262
OPEL,white,gasoline,2015,8.76,4,28715.68,675.42,1152.8,1189.09,13,222.5704
BMV,orange,hybrid,2022,6.87,2,31236.2,1300.23,1316.74,564.51,9,81.6401
MERCEDES,orange,electric,2021,0.0,2,18939.55,1087.38,742.28,1362.36,5,0.0
OPEL,yellow,gasoline,2025,9.84,4,36698.31,1472.91,844.16,859.99,12,190.2295
BMV,yellow,electric,2023,0.0,2,22036.25,1001.95,739.53,523.27,5,0.0
BMV,pearl white,hybrid,2020,6.14,2,19651.01,1004.81,752.96,1154.88,9,87.1051
OPEL,red,electric,2022,0.0,4,24665.01,677.85,1469.0,1427.3,5,0.0
BMV,black,hybrid,2019,6.83,2,20550.02,755.29,1173.05,614.67,9,84.2103
BMV,red,gasoline,2011,8.87,4,27185.54,1492.75,1352.55,1137.3,13,218.3103
SEAT,orange,gasoline,2011,7.02,2,26171.6,571.64,1020.5,500.66,11,136.1568
MERCEDES,white,electric,2021,0.0,2,25294.79,837.59,1163.4,762.26,5,0.0
BMV,orange,electric,2025,0.0,2,23937.97,814.97,669.29,1200.58,5,0.0
MERCEDES,black,gasoline,2014,7.19,4,39222.2,1167.39,500.18,1026.22,11,162.0171
SEAT,yellow,gasoline,2018,8.58,4,36928.61,1069.21,1092.41,1222.79,13,215.3424
SEAT,red,hybrid,2024,6.09,2,17189.65,1144.3,858.66,1011.15,8,71.6399
BMV,navy blue,electric,2022,0.0,2,37126.42,930.84,672.0,1360.74,5,0.0
BMV,navy blue,hybrid,2023,6.0,2,33507.21,751.73,666.35,872.95,6,32.4065
BMV,white,electric,2023,0.0,2,33823.89,878.63,1238.21,632.7,5,0.0
OPEL,red,gasoline,2011,9.94,4,20628.38,1179.42,867.69,1283.65,13,237.8228
BMV,sky blue,gasoline,2019,10.48,2,39143.86,668.94,1420.07,900.48,13,228.8091
BMV,orange,gasoline,2020,9.28,2,21643.3,541.37,1455.62,669.59,13,235.3587
MERCEDES,sky blue,hybrid,2019,5.9,4,24092.87,1012.98,531.04,571.38,7,51.432
BMV,red,electric,2022,0.0,2,30612.51,803.85,1327.22,660.15,5,0.0
MERCEDES,white,gasoline,2022,7.44,4,27900.48,764.87,529.36,876.67,11,157.9126
MERCEDES,navy blue,electric,2022,0.0,2,37600.94,1389.77,1422.17,1438.61,5,0.0
MERCEDES,black,electric,2022,0.0,4,31219.32,673.48,1234.01,1363.8,5,0.0
SEAT,yellow,electric,2025,0.0,4,25221.23,1219.76,766.38,949.44,5,0.0
OPEL,red,electric,2022,0.0,2,30862.24,1402.28,1299.14,895.47,5,0.0
BMV,white,hybrid,2019,5.35,2,22694.26,843.1,1088.57,1338.21,7,62.6817
BMV,navy blue,hybrid,2022,6.63,4,22618.36,1418.92,1466.87,1226.08,9,82.0072
OPEL,yellow,gasoline,2017,11.46,4,26653.49,1201.85,947.36,823.35,13,216.161
OPEL,pearl white,electric,2022,0.0,2,26417.72,1047.78,794.94,1471.91,5,0.0
BMV,black,electric,2021,0.0,2,26451.22,1069.26,804.81,1432.5,5,0.0
BMV,navy blue,hybrid,2022,5.82,4,21420.97,1001.92,1412.72,1314.97,7,42.4206
OPEL,sky blue,gasoline,2017,11.01,4,29252.2,1166.53,1321.42,1070.1,13,209.5554
BMV,red,gasoline,2018,10.44,2,20377.35,810.92,577.26,1287.76,13,239.8108
OPEL,white,hybrid,2023,6.12,4,22001.71,888.79,1398.74,1180.35,8,67.7156
OPEL,pearl white,hybrid,2023,6.59,2,24728.25,1152.84,1059.66,1229.06,8,76.111
BMV,red,hybrid,2023,5.09,2,26608.26,716.47,1090.7,1076.45,6,33.1979
BMV,red,hybrid,2025,6.07,2,27768.82,1376.37,917.66,1120.0,8,72.7912
OPEL,white,gasoline,2020,9.88,4,20168.11,988.19,1008.13,1208.9,13,220.9848
SEAT,sky blue,electric,2023,0.0,4,37580.72,1381.63,721.14,1349.2,5,0.0
MERCEDES,pearl white,gasoline,2014,10.99,4,20487.61,577.5,1276.13,741.81,13,231.0713
MERCEDES,red,hybrid,2025,6.76,2,20572.74,759.81,956.9,727.26,8,67.7551
SEAT,sky blue,electric,2024,0.0,2,31814.18,1063.7,680.9,1064.29,5,0.0
BMV,navy blue,electric,2023,0.0,2,36928.71,1145.88,1152.21,744.71,5,0.0
BMV,orange,electric,2020,0.0,4,22856.53,1022.51,646.99,1105.21,5,0.0
MERCEDES,pearl white,electric,2022,0.0,4,17914.79,855.49,626.8,1232.81,5,0.0
MERCEDES,white,gasoline,2018,8.83,4,36644.44,1200.11,648.33,971.6,13,227.8974
BMV,orange,gasoline,2010,7.93,2,25371.91,890.96,1235.21,1115.82,13,227.1235
BMV,black,gasoline,2018,9.01,2,28068.07,962.82,1093.16,1287.4,13,233.9556
OPEL,black,gasoline,2021,9.4,4,39770.11,1244.83,881.43,672.51,13,234.1067
BMV,white,hybrid,2020,6.12,4,24963.84,621.28,571.79,663.68,9,89.2728
OPEL,red,hybrid,2019,5.73,2,26628.35,1303.32,933.02,1137.21,7,51.3683
BMV,white,electric,2023,0.0,4,27911.73,1315.31,1107.9,1164.04,5,0.0
MERCEDES,orange,electric,2025,0.0,4,18507.45,1410.32,839.36,1383.63,5,0.0
SEAT,black,electric,2019,0.0,2,39442.36,1108.96,1230.96,842.93,5,0.0
SEAT,red,hybrid,2020,6.1,4,28364.08,763.75,1265.48,922.28,9,83.3123
BMV,sky blue,gasoline,2014,9.14,2,15981.16,1346.92,1448.41,748.21,13,234.5886
SEAT,sky blue,electric,2020,0.0,4,23592.0,1054.54,678.36,980.78,5,0.0
OPEL,yellow,gasoline,2022,11.05,4,28469.92,1449.69,1274.52,1195.25,13,207.6013
SEAT,pearl white,gasoline,2011,11.25,4,35948.49,597.41,1001.09,833.85,13,207.5859
MERCEDES,pearl white,electric,2024,0.0,4,22196.54,813.04,766.54,863.45,5,0.0
BMV,pearl white,hybrid,2020,6.43,4,32410.87,1367.13,1377.32,542.71,9,82.1113
OPEL,orange,electric,2020,0.0,2,31352.31,1387.62,1394.85,768.55,5,0.0
MERCEDES,white,hybrid,2023,5.09,4,38203.37,647.86,853.34,581.83,6,29.3613
OPEL,white,gasoline,2011,11.77,2,20529.96,701.03,663.32,998.25,13,221.3479
BMV,pearl white,gasoline,2025,10.97,4,23391.07,700.74,770.19,1295.3,12,185.3209
MERCEDES,yellow,gasoline,2010,8.81,2,30960.03,1001.4,764.0,860.15,13,207.2673
OPEL,yellow,hybrid,2024,6.63,4,34424.61,683.98,922.81,1140.36,8,74.0909
MERCEDES,black,gasoline,2018,8.47,4,39663.83,1346.73,1182.44,1084.35,13,233.3044
BMV,sky blue,electric,2023,0.0,2,16605.69,794.78,743.03,518.33,5,0.0
OPEL,red,electric,2023,0.0,4,33900.65,774.39,918.32,1209.4,5,0.0
BMV,navy blue,electric,2024,0.0,2,16640.88,826.88,1090.11,1061.51,5,0.0
SEAT,navy blue,hybrid,2021,6.81,4,30253.74,1072.06,841.78,644.01,9,87.9038
BMV,red,hybrid,2025,5.93,4,18727.65,1358.52,736.59,645.95,6,23.7606
SEAT,pearl white,gasoline,2017,10.51,2,18991.28,822.64,764.27,1033.09,13,206.6652
BMV,yellow,electric,2021,0.0,2,30117.24,657.58,1088.69,1307.13,5,0.0
SEAT,red,hybrid,2021,5.58,4,34794.7,1062.06,649.55,1146.6,7,42.4718
BMV,orange,electric,2023,0.0,4,16104.08,840.16,1040.58,1100.06,5,0.0
MERCEDES,orange,electric,2020,0.0,4,20877.07,1462.96,1468.32,1021.29,5,0.0
MERCEDES,navy blue,electric,2025,0.0,2,15954.78,1095.42,700.26,1201.43,5,0.0
MERCEDES,white,gasoline,2022,9.94,4,34426.19,716.92,1363.29,995.72,13,226.0642
OPEL,sky blue,electric,2019,0.0,2,22758.86,1102.91,1404.46,1095.82,5,0.0
SEAT,black,hybrid,2024,5.49,4,24717.39,592.71,618.73,682.91,6,21.082
OPEL,sky blue,gasoline,2013,8.67,4,22501.87,1245.12,633.72,707.4,13,226.676
BMV,yellow,hybrid,2020,6.05,4,22630.96,503.67,509.2,811.23,9,84.6735
MERCEDES,black,electric,2022,0.0,4,31462.19,523.71,1173.95,1404.34,5,0.0
OPEL,orange,gasoline,2012,7.82,2,21220.69,778.42,663.61,1456.93,13,222.7948
MERCEDES,orange,electric,2021,0.0,4,24081.8,747.84,1330.98,643.4,5,0.0
SEAT,red,gasoline,2010,9.57,4,24937.44,907.65,1453.0,1158.06,13,213.136
MERCEDES,red,gasoline,2014,11.52,2,36457.36,1269.41,866.32,861.34,13,233.4421
SEAT,red,hybrid,2022,5.82,2,20705.95,722.36,804.42,1417.84,7,42.7969
OPEL,yellow,hybrid,2025,5.32,2,22425.94,990.54,1447.86,693.09,6,25.3667
MERCEDES,navy blue,electric,2020,0.0,4,28217.6,672.9,824.1,926.08,5,0.0
OPEL,orange,hybrid,2022,6.54,2,35588.97,1413.72,1300.15,1407.94,9,82.049
SEAT,white,electric,2022,0.0,4,38549.0,1435.2,900.23,1029.45,5,0.0
BMV,pearl white,hybrid,2022,6.09,4,27742.63,762.29,717.46,611.11,9,87.6796
MERCEDES,sky blue,electric,2019,0.0,4,29500.18,1081.06,1406.2,1269.72,5,0.0
SEAT,sky blue,gasoline,2022,8.61,4,31923.07,938.67,1000.24,1349.15,13,215.748
MERCEDES,navy blue,electric,2023,0.0,2,30653.91,1180.01,994.54,1161.84,5,0.0
MERCEDES,white,electric,2024,0.0,2,32239.71,1196.25,1180.07,1147.24,5,0.0
OPEL,pearl white,electric,2025,0.0,2,23433.45,746.72,501.72,1218.54,5,0.0
OPEL,red,gasoline,2018,7.51,4,24198.09,1345.99,1103.0,1480.46,13,228.7415
SEAT,white,hybrid,2020,6.32,4,22121.34,1479.64,946.99,958.5,9,85.2136
OPEL,white,electric,2020,0.0,4,19584.0,1368.73,1131.36,796.99,5,0.0
BMV,black,gasoline,2017,8.92,4,16663.45,1435.26,1022.12,1206.22,13,230.8016
SEAT,navy blue,gasoline,2022,9.69,4,33848.97,771.9,1310.52,928.45,13,218.2004
MERCEDES,red,electric,2024,0.0,2,22408.03,561.71,1041.6,1367.51,5,0.0
SEAT,sky blue,gasoline,2021,8.41,4,17664.0,1230.52,746.02,856.67,13,224.7771
BMV,red,electric,2019,0.0,4,33852.02,539.54,573.6,1024.07,5,0.0
OPEL,red,electric,2022,0.0,4,18527.89,791.89,865.65,924.5,5,0.0
BMV,yellow,hybrid,2019,6.56,2,34451.38,953.41,1000.02,1372.98,9,84.7068
BMV,pearl white,electric,2022,0.0,4,34660.7,1348.67,1201.8,1470.83,5,0.0
SEAT,sky blue,electric,2022,0.0,4,15743.05,1426.28,1024.32,1223.34,5,0.0
BMV,orange,hybrid,2025,5.26,4,25694.76,1210.62,1457.84,1344.44,6,20.463
BMV,yellow,gasoline,2014,11.17,2,36559.94,687.94,1379.49,1004.8,13,211.9954
BMV,white,electric,2022,0.0,2,36614.55,1143.08,1103.07,513.8,5,0.0
BMV,navy blue,hybrid,2025,5.57,4,30184.49,667.4,1441.31,1188.65,6,26.2373
BMV,black,electric,2025,0.0,4,24888.0,527.73,847.95,1375.72,5,0.0
BMV,pearl white,electric,2022,0.0,2,18298.2,1009.74,1069.39,585.1,5,0.0
OPEL,sky blue,gasoline,2013,10.16,2,26568.65,611.57,1156.6,719.87,13,221.6989
OPEL,sky blue,hybrid,2020,6.25,4,21857.58,1092.57,1455.34,767.75,9,89.0973
SEAT,red,hybrid,2024,6.18,2,36069.58,1138.34,900.32,1206.24,8,68.9321
SEAT,orange,electric,2023,0.0,4,29561.45,1232.15,570.66,888.15,5,0.0
SEAT,black,gasoline,2018,11.26,4,34218.73,867.11,1094.44,1295.18,13,227.2228
BMV,red,electric,2020,0.0,2,26819.24,519.96,1386.65,549.58,5,0.0
MERCEDES,orange,hybrid,2021,5.19,4,23264.39,775.43,800.43,991.28,7,51.2874
OPEL,black,gasoline,2019,10.37,2,27864.25,1250.26,1366.0,541.93,13,220.0085
SEAT,orange,gasoline,2014,8.46,2,27168.06,767.61,1198.58,1256.53,13,235.7907
BMV,orange,gasoline,2016,11.73,2,23952.46,841.65,534.61,1369.77,13,207.5259
MERCEDES,white,gasoline,2023,11.21,2,29788.8,658.0,1003.47,1176.3,12,203.3794
SEAT,navy blue,gasoline,2018,10.38,4,33859.54,1088.73,1349.82,719.79,13,234.2317
MERCEDES,orange,electric,2024,0.0,2,32407.19,1109.79,909.09,678.63,5,0.0
MERCEDES,orange,gasoline,2018,8.36,4,17196.72,908.65,1107.88,1371.44,13,228.8439
SEAT,yellow,gasoline,2018,9.25,4,33834.88,601.09,676.39,535.72,13,215.008
BMV,sky blue,electric,2022,0.0,2,39874.53,1494.94,1365.03,657.69,5,0.0
BMV,red,electric,2023,0.0,4,21828.68,1497.68,1116.49,1023.7,5,0.0
BMV,black,electric,2023,0.0,4,25532.38,1441.52,853.93,1220.12,5,0.0
BMV,red,hybrid,2022,6.51,2,35996.38,741.58,750.65,1034.68,9,81.3876
BMV,orange,gasoline,2019,8.71,2,33436.34,910.08,784.11,898.79,13,215.9771
OPEL,black,hybrid,2022,5.73,2,25456.04,1091.95,910.51,718.64,7,61.6521
OPEL,navy blue,gasoline,2022,11.84,2,25360.86,1356.04,1315.28,1323.37,13,239.9135
MERCEDES,black,electric,2020,0.0,2,32285.82,1117.54,696.05,596.9,5,0.0
MERCEDES,white,gasoline,2022,8.14,4,35277.24,1185.97,883.01,1067.9,13,223.5959
SEAT,yellow,gasoline,2019,8.94,4,34895.85,1053.19,1045.3,996.86,13,229.0865
MERCEDES,navy blue,electric,2021,0.0,2,39767.79,775.45,1479.34,732.47,5,0.0
SEAT,sky blue,gasoline,2023,9.6,2,29167.66,895.35,1475.04,733.5,12,180.7405
MERCEDES,red,gasoline,2013,9.96,2,17360.69,536.41,1016.25,642.82,13,212.8847
SEAT,orange,electric,2021,0.0,4,35507.91,1124.5,1411.97,521.19,5,0.0
MERCEDES,black,hybrid,2021,5.9,4,35369.94,905.9,753.99,1353.75,7,58.2129
OPEL,black,electric,2019,0.0,2,31996.45,1415.18,837.52,1414.61,5,0.0
SEAT,red,hybrid,2021,5.75,4,22305.32,1315.91,967.39,756.37,7,61.6267
SEAT,sky blue,hybrid,2019,6.78,4,25540.01,644.71,1410.12,531.08,9,88.3468
OPEL,sky blue,hybrid,2020,5.93,2,20064.14,529.77,1459.78,772.51,7,57.3852
OPEL,sky blue,gasoline,2018,11.95,2,27502.8,998.86,1404.52,1241.72,13,224.4348
OPEL,sky blue,gasoline,2015,11.5,2,35433.6,1070.46,691.66,580.47,13,213.1711
MERCEDES,white,electric,2024,0.0,2,22424.81,627.77,1381.74,1465.09,5,0.0
BMV,navy blue,electric,2023,0.0,2,21737.16,730.62,1020.97,776.92,5,0.0
SEAT,orange,electric,2025,0.0,4,18814.86,1364.34,1369.91,1329.41,5,0.0
MERCEDES,navy blue,electric,2025,0.0,4,18802.78,1206.78,1100.75,1089.95,5,0.0
BMV,black,electric,2019,0.0,4,22976.66,577.19,791.21,1282.72,5,0.0
OPEL,orange,gasoline,2010,9.56,4,33312.79,863.26,1356.36,1126.38,13,228.1991
MERCEDES,black,hybrid,2020,6.48,4,24994.03,1232.41,769.74,985.93,9,82.248
BMV,orange,electric,2021,0.0,2,34745.43,1172.34,631.81,506.44,5,0.0
SEAT,sky blue,electric,2019,0.0,4,16829.47,747.09,1170.37,829.01,5,0.0
SEAT,orange,electric,2021,0.0,4,19937.05,644.02,1159.76,873.36,5,0.0
OPEL,navy blue,electric,2021,0.0,2,15891.61,845.55,1014.73,1418.05,5,0.0
OPEL,orange,electric,2025,0.0,4,28791.88,607.59,1395.35,1414.29,5,0.0
OPEL,yellow,hybrid,2023,6.09,2,21384.54,891.6,631.58,1076.28,8,73.7302
OPEL,yellow,hybrid,2025,6.47,4,27959.18,603.25,1012.68,596.7,8,74.5903
MERCEDES,sky blue,gasoline,2013,9.35,2,21919.57,1493.47,1377.16,828.05,13,237.1735
SEAT,white,gasoline,2013,8.44,2,24508.97,1213.34,695.17,649.45,13,237.8508
SEAT,sky blue,hybrid,2023,6.44,2,30554.95,980.51,1139.24,803.97,8,73.2178
BMV,sky blue,gasoline,2020,9.05,2,26158.08,1472.75,1141.17,1162.51,13,208.6
SEAT,black,electric,2024,0.0,4,38758.72,1034.36,711.31,867.62,5,0.0
SEAT,sky blue,hybrid,2024,5.48,4,29123.82,1422.06,944.4,1271.66,6,24.4505
BMV,white,electric,2020,0.0,2,19330.9,758.28,605.8,1340.38,5,0.0
SEAT,yellow,gasoline,2020,8.11,4,39916.67,1010.52,1367.92,813.9,13,220.2187
BMV,pearl white,electric,2020,0.0,2,17472.95,1076.65,1160.59,559.11,5,0.0
MERCEDES,white,electric,2024,0.0,2,36998.51,507.18,959.31,1320.22,5,0.0
MERCEDES,pearl white,electric,2021,0.0,4,39424.97,560.37,1428.89,1306.74,5,0.0
MERCEDES,orange,electric,2021,0.0,4,16937.95,912.05,702.2,1266.73,5,0.0
SEAT,sky blue,electric,2021,0.0,2,31216.66,525.71,895.89,1171.31,5,0.0
SEAT,black,electric,2020,0.0,4,17770.06,1090.43,1209.22,1486.19,5,0.0
SEAT,yellow,electric,2020,0.0,2,20055.6,830.6,1263.46,933.79,5,0.0
SEAT,yellow,electric,2022,0.0,4,34728.86,701.59,1481.19,1262.49,5,0.0
SEAT,yellow,gasoline,2020,11.15,2,38035.0,818.47,824.55,1398.03,13,216.3232
BMV,orange,electric,2024,0.0,2,18066.98,826.48,1044.48,1400.13,5,0.0
BMV,orange,hybrid,2019,5.04,2,17895.6,654.97,1153.85,1117.18,7,59.0597
OPEL,sky blue,gasoline,2014,8.38,4,16961.23,993.03,1482.85,985.83,13,227.7295
OPEL,white,electric,2021,0.0,2,22944.34,760.66,915.47,1374.96,5,0.0
BMV,pearl white,electric,2024,0.0,4,36756.67,1273.8,546.88,907.37,5,0.0
MERCEDES,navy blue,electric,2024,0.0,4,23960.17,623.99,823.94,789.67,5,0.0
MERCEDES,yellow,electric,2021,0.0,4,32061.52,1153.87,950.34,906.69,5,0.0
MERCEDES,black,hybrid,2022,5.24,4,28221.05,1279.2,1217.77,801.79,7,46.6624
SEAT,sky blue,gasoline,2016,10.22,2,35200.93,763.83,742.84,867.35,13,222.233
BMV,yellow,gasoline,2021,7.6,2,19068.72,1144.32,1229.26,680.65,13,225.0127
OPEL,sky blue,gasoline,2018,8.39,4,23144.14,1274.72,1043.53,725.89,13,210.9469
BMV,yellow,electric,2020,0.0,2,33742.52,1258.94,1180.52,1315.56,5,0.0
SEAT,yellow,electric,2020,0.0,4,31597.85,1334.58,1103.53,851.34,5,0.0
BMV,sky blue,hybrid,2019,6.88,4,26397.96,852.5,638.67,536.23,9,86.4839
BMV,pearl white,gasoline,2014,11.57,4,25363.82,1463.51,1450.23,1488.46,13,229.7501
SEAT,white,hybrid,2019,6.43,4,22891.67,1475.99,688.15,1293.95,9,88.1921
SEAT,yellow,hybrid,2021,5.79,2,22952.77,512.23,1067.55,1141.92,7,60.9897
MERCEDES,navy blue,electric,2020,0.0,2,24205.42,710.79,785.16,1207.43,5,0.0
BMV,white,electric,2024,0.0,4,36545.99,1319.49,1023.2,888.15,5,0.0
BMV,pearl white,hybrid,2022,5.34,2,35911.11,1401.95,1204.51,1227.09,7,54.4934
MERCEDES,sky blue,gasoline,2020,9.56,2,30630.68,772.21,679.36,822.85,13,227.3122
MERCEDES,sky blue,gasoline,2022,9.79,2,15989.29,1213.23,1365.14,1227.66,13,233.9086
OPEL,black,hybrid,2023,5.95,4,21435.19,678.7,639.5,830.51,6,33.2749
OPEL,navy blue,electric,2021,0.0,2,15048.23,960.37,791.29,1108.85,5,0.0
MERCEDES,navy blue,gasoline,2013,7.77,4,39937.14,1388.57,1418.03,879.99,13,217.1675
SEAT,pearl white,gasoline,2024,10.46,4,33822.41,1404.11,833.57,1282.19,12,203.9622
SEAT,black,gasoline,2024,7.97,2,35559.52,1402.96,1097.41,622.22,12,189.7151
MERCEDES,red,gasoline,2021,9.95,2,33041.35,680.98,517.53,592.24,13,217.4622
OPEL,red,hybrid,2025,6.45,2,31444.56,563.25,1439.21,1095.07,8,69.5462
MERCEDES,navy blue,gasoline,2014,9.41,2,17256.67,740.74,1349.5,1367.12,13,210.6149
MERCEDES,black,hybrid,2022,5.04,4,19795.06,1252.17,653.1,601.94,7,46.9538
SEAT,white,gasoline,2011,8.16,2,24481.61,1317.38,649.69,520.64,13,228.2625
BMV,yellow,electric,2020,0.0,2,19726.59,1115.68,871.41,769.46,5,0.0
MERCEDES,orange,hybrid,2025,5.04,2,27037.78,1419.21,687.6,857.26,6,27.8992
SEAT,yellow,hybrid,2021,5.72,2,25041.82,901.82,790.06,1009.64,7,48.8893
BMV,white,hybrid,2019,6.62,4,21656.98,829.02,1152.85,998.66,9,86.1293
OPEL,white,gasoline,2017,8.4,4,24032.14,1110.39,867.62,975.96,13,232.0296
SEAT,red,electric,2021,0.0,2,26352.87,1210.69,664.09,953.64,5,0.0
SEAT,navy blue,hybrid,2021,5.58,2,38844.83,694.39,812.85,1019.89,7,43.7507
OPEL,navy blue,gasoline,2010,11.41,2,29316.86,1220.02,651.0,1313.87,13,214.059
MERCEDES,white,electric,2021,0.0,2,34956.88,527.62,1363.48,1155.36,5,0.0
MERCEDES,sky blue,hybrid,2023,6.62,4,24507.77,1194.74,1261.23,1184.64,8,76.1818
MERCEDES,white,hybrid,2019,5.5,2,37563.05,1239.49,845.43,854.16,7,44.9553
SEAT,sky blue,electric,2020,0.0,4,31495.15,884.5,1466.32,1043.09,5,0.0
SEAT,navy blue,hybrid,2025,5.42,2,37798.69,1078.62,616.81,636.6,6,35.7299
SEAT,sky blue,electric,2021,0.0,4,32045.54,598.67,819.1,1427.5,5,0.0
BMV,yellow,gasoline,2023,8.14,4,19794.86,1062.08,1325.66,888.37,12,186.4557
BMV,sky blue,electric,2020,0.0,2,15144.85,723.35,1034.56,607.96,5,0.0
BMV,pearl white,hybrid,2022,5.16,4,33655.99,881.22,573.96,806.34,7,57.0677
OPEL,red,hybrid,2020,5.49,2,31495.59,1054.77,1366.41,912.8,7,46.5536
BMV,red,electric,2022,0.0,2,22159.74,1496.81,908.58,1295.42,5,0.0
MERCEDES,sky blue,hybrid,2024,6.27,2,25494.62,609.06,832.54,1317.48,8,70.7232
OPEL,navy blue,hybrid,2019,6.4,2,32831.47,1027.26,615.58,1144.37,9,80.0162
OPEL,black,electric,2019,0.0,2,39281.66,1202.35,740.45,891.02,5,0.0
MERCEDES,black,electric,2024,0.0,2,21951.79,1084.58,869.11,1043.94,5,0.0
MERCEDES,black,hybrid,2021,6.99,4,17807.66,1210.89,615.3,592.78,9,84.2802
SEAT,pearl white,hybrid,2023,6.89,4,36809.2,1231.33,853.95,1400.81,8,77.1351
OPEL,navy blue,hybrid,2022,6.23,2,16879.2,584.57,1341.76,943.18,9,81.2952
OPEL,red,gasoline,2022,8.93,4,20154.34,518.28,1321.99,1409.23,13,223.7278
SEAT,yellow,gasoline,2021,7.7,4,21056.83,864.44,740.45,914.13,13,206.5196
OPEL,pearl white,hybrid,2023,6.57,4,30502.14,659.52,1183.31,572.78,8,69.9307
BMV,pearl white,gasoline,2025,7.16,2,23392.27,823.67,1391.22,1272.99,10,114.3464
BMV,white,gasoline,2018,8.3,4,23963.23,1493.08,1473.48,787.55,13,238.1472
SEAT,black,electric,2022,0.0,2,33294.59,1486.16,1392.42,1361.8,5,0.0
BMV,red,electric,2019,0.0,2,22988.74,1191.53,1090.47,1265.34,5,0.0
OPEL,red,hybrid,2023,6.26,2,17911.68,1248.84,808.05,1387.67,8,70.6028
SEAT,sky blue,electric,2025,0.0,4,23382.2,1386.17,1209.84,728.42,5,0.0
SEAT,orange,electric,2022,0.0,4,33177.67,1171.67,1401.02,1312.51,5,0.0
BMV,yellow,electric,2025,0.0,4,20292.82,1178.09,553.89,684.42,5,0.0
MERCEDES,pearl white,gasoline,2011,9.63,4,35593.12,1049.75,1288.57,846.11,13,235.0232
MERCEDES,red,electric,2020,0.0,2,24262.22,1149.35,619.06,923.43,5,0.0
SEAT,orange,hybrid,2025,6.5,2,28980.2,592.21,558.64,792.2,8,72.4996
SEAT,pearl white,gasoline,2016,9.5,4,23911.27,625.75,835.37,866.77,13,212.579
BMV,white,electric,2019,0.0,4,21934.29,1456.92,729.33,502.72,5,0.0
BMV,black,electric,2019,0.0,2,27200.64,1069.61,1076.72,565.95,5,0.0
OPEL,orange,gasoline,2023,11.2,2,23974.56,784.85,792.22,812.9,12,202.9797
OPEL,orange,hybrid,2023,5.13,4,27701.92,1156.01,995.18,851.11,6,39.486
BMV,yellow,hybrid,2020,5.58,2,23449.01,909.77,653.4,1263.66,7,55.8353
SEAT,black,electric,2025,0.0,2,31105.85,1246.36,1479.9,913.03,5,0.0
MERCEDES,pearl white,electric,2021,0.0,4,36465.9,837.02,989.56,906.3,5,0.0
SEAT,black,hybrid,2024,5.59,4,26269.23,555.79,1288.43,1182.39,6,31.965
OPEL,navy blue,electric,2022,0.0,4,25631.74,733.16,867.15,1416.76,5,0.0
OPEL,red,hybrid,2020,6.76,4,30488.21,875.22,1336.74,531.7,9,84.4147
BMV,yellow,gasoline,2016,10.79,2,21309.68,896.81,986.26,1123.21,13,215.6365
OPEL,black,electric,2022,0.0,2,27990.23,907.41,1446.58,521.55,5,0.0
MERCEDES,red,gasoline,2010,8.37,4,28536.65,1446.33,1133.91,1224.95,13,224.3552
OPEL,white,electric,2020,0.0,4,35065.14,1179.68,540.07,1427.48,5,0.0
OPEL,navy blue,electric,2020,0.0,2,31068.71,786.59,1439.08,1303.27,5,0.0
BMV,pearl white,gasoline,2022,10.49,4,36468.06,1349.77,1231.56,1186.92,13,209.0333
MERCEDES,navy blue,electric,2019,0.0,4,37833.26,679.07,1154.55,926.34,5,0.0
OPEL,sky blue,hybrid,2020,5.94,2,35839.93,524.29,1276.28,722.92,7,47.2564
MERCEDES,sky blue,electric,2024,0.0,4,26121.15,803.99,658.72,691.05,5,0.0
SEAT,white,gasoline,2018,7.72,4,22262.86,560.73,1336.93,1151.01,13,209.9294
BMV,yellow,electric,2023,0.0,4,38538.7,1095.7,880.94,875.39,5,0.0
OPEL,pearl white,electric,2019,0.0,4,26716.37,1401.85,799.21,1104.22,5,0.0
BMV,red,gasoline,2021,11.17,2,22843.1,1344.93,667.67,1049.92,13,222.1822
OPEL,yellow,hybrid,2021,6.38,2,25808.76,783.38,1012.02,1367.35,9,89.0717
OPEL,orange,hybrid,2024,6.8,4,39458.09,785.91,695.17,1485.84,8,70.0948
MERCEDES,yellow,hybrid,2023,5.62,4,23972.44,1381.77,576.39,1124.93,6,22.4689
BMV,orange,gasoline,2015,8.46,2,31502.76,1028.08,581.36,1475.03,13,212.1657
OPEL,orange,hybrid,2020,6.26,4,28329.73,601.06,1237.24,1268.7,9,85.5523
SEAT,pearl white,electric,2020,0.0,2,36858.69,1071.32,1311.23,1042.74,5,0.0
SEAT,yellow,electric,2022,0.0,4,33831.36,619.18,822.81,1153.04,5,0.0
MERCEDES,red,hybrid,2024,5.64,4,29646.19,1130.68,1156.84,1295.02,6,22.2993
OPEL,navy blue,electric,2023,0.0,2,38074.03,1441.33,1350.18,1194.49,5,0.0
MERCEDES,yellow,hybrid,2023,6.53,4,29495.06,963.75,645.45,1143.5,8,69.5097
OPEL,pearl white,hybrid,2024,6.59,2,26934.4,733.79,778.12,1493.12,8,66.6886
MERCEDES,navy blue,hybrid,2025,6.82,4,16930.82,1399.78,1030.22,1130.05,8,70.615
OPEL,yellow,gasoline,2025,10.79,2,30563.61,1333.96,716.41,670.91,12,194.2639
BMV,navy blue,hybrid,2019,6.39,4,15649.44,921.81,1286.94,697.91,9,84.6028
MERCEDES,black,hybrid,2025,5.71,2,19463.13,680.51,1338.9,1216.05,6,27.4498
SEAT,orange,electric,2024,0.0,4,39327.81,876.7,1242.69,971.54,5,0.0
OPEL,black,gasoline,2016,8.85,4,23986.73,1088.44,1136.95,1292.14,13,211.5388
BMV,black,hybrid,2021,6.65,2,36304.28,573.94,1278.67,1168.09,9,83.2744
OPEL,red,hybrid,2020,5.24,4,26964.72,743.54,923.18,1211.97,7,51.5239
MERCEDES,white,electric,2024,0.0,2,18526.33,702.97,1106.62,821.95,5,0.0
OPEL,red,electric,2025,0.0,4,28180.44,1063.34,1020.88,1140.12,5,0.0
BMV,orange,gasoline,2020,8.84,2,19848.05,764.7,524.5,1316.39,13,229.1257
MERCEDES,yellow,hybrid,2022,5.24,2,24091.15,908.2,515.26,958.44,7,54.4686
SEAT,navy blue,hybrid,2020,5.97,4,32439.37,851.11,890.11,686.12,7,46.8585
BMV,yellow,hybrid,2022,5.33,2,15203.96,1433.92,1283.42,1000.79,7,53.8143
BMV,black,electric,2020,0.0,4,27392.64,772.17,1462.57,1135.09,5,0.0
OPEL,yellow,gasoline,2015,9.52,2,35040.65,584.32,1046.86,1160.27,13,239.5833
OPEL,orange,electric,2023,0.0,2,18992.56,1354.17,961.77,504.73,5,0.0
MERCEDES,yellow,electric,2019,0.0,2,25098.75,1393.64,587.03,1062.32,5,0.0
OPEL,pearl white,gasoline,2011,10.33,4,17998.59,605.0,1103.49,1393.23,13,232.2673
BMV,yellow,hybrid,2023,6.79,4,21290.01,950.14,768.05,1403.81,8,73.6
BMV,orange,electric,2022,0.0,4,31548.53,1470.59,1424.71,920.93,5,0.0
SEAT,red,hybrid,2023,6.38,4,15358.16,782.88,720.48,597.33,8,76.098
OPEL,navy blue,gasoline,2010,8.94,2,38594.89,913.28,1389.76,738.45,13,208.646
SEAT,red,hybrid,2024,6.19,4,27039.19,1170.11,911.94,1146.74,8,77.4526
MERCEDES,red,gasoline,2012,8.32,4,26115.31,701.51,540.83,579.33,13,235.6742
OPEL,red,gasoline,2020,8.69,4,34589.26,1468.27,774.46,1404.8,13,207.2446
SEAT,red,hybrid,2025,6.26,4,18862.56,761.17,1466.91,905.0,8,69.7687
OPEL,white,hybrid,2021,5.0,2,34782.14,1046.14,661.29,1174.37,7,58.9778
BMV,yellow,electric,2021,0.0,4,29392.7,852.69,974.76,656.57,5,0.0
OPEL,yellow,gasoline,2023,11.91,2,18570.11,1428.34,1320.95,1370.48,12,185.7161
MERCEDES,white,hybrid,2021,5.01,4,16736.35,991.21,1136.65,1433.56,7,41.7498
BMV,red,hybrid,2022,6.06,4,18007.36,1236.45,681.51,1317.84,9,81.5576
BMV,orange,gasoline,2013,10.69,4,15690.6,1465.27,1377.25,1286.33,13,233.1214
OPEL,orange,gasoline,2010,7.45,4,18049.37,632.36,645.35,979.81,11,162.0443
MERCEDES,black,electric,2024,0.0,4,34443.36,1219.57,911.88,820.57,5,0.0
OPEL,orange,hybrid,2023,5.33,2,34452.0,1141.85,1076.67,838.21,6,25.4672
BMV,white,gasoline,2017,8.64,2,18304.32,899.05,1373.07,1431.87,13,231.5316
BMV,pearl white,gasoline,2024,7.5,4,38575.26,1419.3,666.3,576.15,10,108.6775
OPEL,navy blue,gasoline,2014,10.99,2,24956.86,1301.6,761.13,579.92,13,213.7851
OPEL,yellow,hybrid,2024,5.03,4,15626.62,601.05,522.97,1105.61,6,36.9412
MERCEDES,sky blue,hybrid,2021,5.12,4,36232.56,616.26,1260.52,541.25,7,41.8328
OPEL,black,electric,2022,0.0,4,15745.4,620.7,681.69,1091.55,5,0.0
SEAT,black,hybrid,2024,5.34,4,26866.13,1096.94,868.2,859.09,6,37.4431
SEAT,orange,gasoline,2019,9.59,2,37552.51,1271.14,763.96,720.21,13,236.4684
OPEL,navy blue,electric,2019,0.0,4,26641.06,1292.03,549.44,1352.19,5,0.0
MERCEDES,white,hybrid,2022,6.41,2,16184.53,1193.1,1222.48,1162.05,9,79.7978
BMV,navy blue,electric,2024,0.0,2,18799.72,1472.32,697.17,1448.26,5,0.0
OPEL,white,electric,2022,0.0,4,25629.29,732.78,834.67,1407.55,5,0.0
SEAT,sky blue,electric,2020,0.0,2,32775.08,1215.72,762.5,1449.85,5,0.0
OPEL,red,gasoline,2025,7.79,2,37664.7,527.16,927.57,1450.95,12,201.0389
BMV,yellow,gasoline,2015,8.31,2,21867.01,517.94,1133.4,1381.79,13,219.3153
OPEL,white,hybrid,2025,6.11,2,27185.35,1447.61,893.5,760.72,8,69.2857
OPEL,pearl white,hybrid,2025,6.74,4,34721.07,1478.12,1309.34,536.7,8,77.4899
OPEL,orange,hybrid,2023,5.44,4,32265.05,912.44,1273.39,1136.21,6,35.0004
MERCEDES,yellow,hybrid,2022,6.4,2,18286.25,834.97,608.55,776.83,9,84.4313
MERCEDES,sky blue,gasoline,2013,9.18,4,38746.84,529.69,735.4,881.28,13,219.6112
OPEL,black,electric,2023,0.0,2,16975.42,1467.78,1293.31,928.1,5,0.0
OPEL,sky blue,hybrid,2024,5.02,4,28121.61,643.46,549.76,566.79,6,32.829
SEAT,sky blue,gasoline,2018,10.9,2,25021.73,922.79,951.34,1489.99,13,211.4184
SEAT,sky blue,electric,2022,0.0,4,35273.27,1210.86,1212.23,603.26,5,0.0
MERCEDES,white,electric,2024,0.0,4,23534.64,1335.33,772.08,687.2,5,0.0
MERCEDES,red,electric,2020,0.0,4,30986.33,1263.73,524.79,988.16,5,0.0
OPEL,pearl white,electric,2020,0.0,4,33533.05,1317.75,1324.91,902.97,5,0.0
SEAT,pearl white,hybrid,2024,5.3,4,18614.65,1149.42,1319.44,1052.76,6,27.1985
BMV,yellow,hybrid,2024,6.08,2,22553.59,876.53,1445.65,898.22,8,70.6466
OPEL,white,gasoline,2024,10.25,2,25106.78,1054.02,1154.08,610.66,12,196.4717
BMV,pearl white,electric,2022,0.0,2,25085.49,926.2,1066.09,1086.44,5,0.0
MERCEDES,orange,electric,2020,0.0,4,31340.39,610.15,1183.65,1001.46,5,0.0